asset_id,participant_link_status,asset_name,file_name,package_path,file_format,media_kind,spatial_dimensionality,temporal_dimensionality,imaging_domain,Modality,object_role,representation_provenance_class,source_system,source_record_id,source_url,raw_values_json,provenance_json,quality_flag_json,accessLevel,retrievalRoute,transferHandoffUrl
asset_ccde8a57309beb4be3f28af5,unavailable,MSB-01723-04-02.svs,MSB-01723-04-02.svs,CMB-AML/MSB-01723-04-02.svs,SVS,whole_slide_image,2D,static,pathology,SM,whole_slide_image,submitted_original,tcia_aspera,pathology-file-object:53f7d59b016663f794562ffc,https://faspex.cancerimagingarchive.net/aspera/faspex?context=eyJyZXNvdXJjZSI6InBhY2thZ2VzIiwidHlwZSI6ImV4dGVybmFsX2Rvd25sb2FkX3BhY2thZ2UiLCJpZCI6IjExNjIiLCJwYXNzY29kZSI6ImUzODlhMzRhOTc0MTkzNTA5MDRmMzcxNjE0ZThmZDkyNzM2ZDZkNjUiLCJwYWNrYWdlX2lkIjoiMTE2MiIsImVtYWlsIjoiaGVscEBjYW5jZXJpbWFnaW5nYXJjaGl2ZS5uZXQifQ==,"{""source_row_id"":""pathology-package-file:bee542ec41cced8fcb12c906"",""source_table"":""pathology_package_files""}","{""source_artifact"":""pathology_metadata"",""source_view"":""agent_pathology_file_objects""}",{},open,Aspera package,https://faspex.cancerimagingarchive.net/?context=eyJyZXNvdXJjZSI6InBhY2thZ2VzIiwidHlwZSI6ImV4dGVybmFsX2Rvd25sb2FkX3BhY2thZ2UiLCJpZCI6IjEzMDYiLCJwYXNzY29kZSI6IjRlNTc0MWUxNzI3OTA1OTUwMmM1ZWRjOTZmN2EyNTAwNmRjNDJhOGUiLCJwYWNrYWdlX2lkIjoiMTMwNiIsImVtYWlsIjoiaGVscEBjYW5jZXJpbWFnaW5nYXJjaGl2ZS5uZXQifQ==
asset_b8415d6cc6f096ef6d1c8912,unavailable,MSB-01723-09-06.svs,MSB-01723-09-06.svs,CMB-AML/MSB-01723-09-06.svs,SVS,whole_slide_image,2D,static,pathology,SM,whole_slide_image,submitted_original,tcia_aspera,pathology-file-object:fd621ca5d3446b542c736fbd,https://faspex.cancerimagingarchive.net/aspera/faspex?context=eyJyZXNvdXJjZSI6InBhY2thZ2VzIiwidHlwZSI6ImV4dGVybmFsX2Rvd25sb2FkX3BhY2thZ2UiLCJpZCI6IjExNjIiLCJwYXNzY29kZSI6ImUzODlhMzRhOTc0MTkzNTA5MDRmMzcxNjE0ZThmZDkyNzM2ZDZkNjUiLCJwYWNrYWdlX2lkIjoiMTE2MiIsImVtYWlsIjoiaGVscEBjYW5jZXJpbWFnaW5nYXJjaGl2ZS5uZXQifQ==,"{""source_row_id"":""pathology-package-file:60249a939650236e147482b0"",""source_table"":""pathology_package_files""}","{""source_artifact"":""pathology_metadata"",""source_view"":""agent_pathology_file_objects""}",{},open,Aspera package,https://faspex.cancerimagingarchive.net/?context=eyJyZXNvdXJjZSI6InBhY2thZ2VzIiwidHlwZSI6ImV4dGVybmFsX2Rvd25sb2FkX3BhY2thZ2UiLCJpZCI6IjEzMDYiLCJwYXNzY29kZSI6IjRlNTc0MWUxNzI3OTA1OTUwMmM1ZWRjOTZmN2EyNTAwNmRjNDJhOGUiLCJwYWNrYWdlX2lkIjoiMTMwNiIsImVtYWlsIjoiaGVscEBjYW5jZXJpbWFnaW5nYXJjaGl2ZS5uZXQifQ==
asset_5729c630fe220cd09ebda266,unavailable,MSB-01723-10-02.svs,MSB-01723-10-02.svs,CMB-AML/MSB-01723-10-02.svs,SVS,whole_slide_image,2D,static,pathology,SM,whole_slide_image,submitted_original,tcia_aspera,pathology-file-object:64aaa18e71e918cb8e031ff9,https://faspex.cancerimagingarchive.net/aspera/faspex?context=eyJyZXNvdXJjZSI6InBhY2thZ2VzIiwidHlwZSI6ImV4dGVybmFsX2Rvd25sb2FkX3BhY2thZ2UiLCJpZCI6IjExNjIiLCJwYXNzY29kZSI6ImUzODlhMzRhOTc0MTkzNTA5MDRmMzcxNjE0ZThmZDkyNzM2ZDZkNjUiLCJwYWNrYWdlX2lkIjoiMTE2MiIsImVtYWlsIjoiaGVscEBjYW5jZXJpbWFnaW5nYXJjaGl2ZS5uZXQifQ==,"{""source_row_id"":""pathology-package-file:d69e090eef254795ed283e3a"",""source_table"":""pathology_package_files""}","{""source_artifact"":""pathology_metadata"",""source_view"":""agent_pathology_file_objects""}",{},open,Aspera package,https://faspex.cancerimagingarchive.net/?context=eyJyZXNvdXJjZSI6InBhY2thZ2VzIiwidHlwZSI6ImV4dGVybmFsX2Rvd25sb2FkX3BhY2thZ2UiLCJpZCI6IjEzMDYiLCJwYXNzY29kZSI6IjRlNTc0MWUxNzI3OTA1OTUwMmM1ZWRjOTZmN2EyNTAwNmRjNDJhOGUiLCJwYWNrYWdlX2lkIjoiMTMwNiIsImVtYWlsIjoiaGVscEBjYW5jZXJpbWFnaW5nYXJjaGl2ZS5uZXQifQ==
asset_a400e506b05b41e968d784b2,unavailable,MSB-02266-01-05.svs,MSB-02266-01-05.svs,CMB-AML/MSB-02266-01-05.svs,SVS,whole_slide_image,2D,static,pathology,SM,whole_slide_image,submitted_original,tcia_aspera,pathology-file-object:f548cd42aa4923ca534f6cfd,https://faspex.cancerimagingarchive.net/aspera/faspex?context=eyJyZXNvdXJjZSI6InBhY2thZ2VzIiwidHlwZSI6ImV4dGVybmFsX2Rvd25sb2FkX3BhY2thZ2UiLCJpZCI6IjExNjIiLCJwYXNzY29kZSI6ImUzODlhMzRhOTc0MTkzNTA5MDRmMzcxNjE0ZThmZDkyNzM2ZDZkNjUiLCJwYWNrYWdlX2lkIjoiMTE2MiIsImVtYWlsIjoiaGVscEBjYW5jZXJpbWFnaW5nYXJjaGl2ZS5uZXQifQ==,"{""source_row_id"":""pathology-package-file:06304c9ac37488b5e784ed7f"",""source_table"":""pathology_package_files""}","{""source_artifact"":""pathology_metadata"",""source_view"":""agent_pathology_file_objects""}",{},open,Aspera package,https://faspex.cancerimagingarchive.net/?context=eyJyZXNvdXJjZSI6InBhY2thZ2VzIiwidHlwZSI6ImV4dGVybmFsX2Rvd25sb2FkX3BhY2thZ2UiLCJpZCI6IjEzMDYiLCJwYXNzY29kZSI6IjRlNTc0MWUxNzI3OTA1OTUwMmM1ZWRjOTZmN2EyNTAwNmRjNDJhOGUiLCJwYWNrYWdlX2lkIjoiMTMwNiIsImVtYWlsIjoiaGVscEBjYW5jZXJpbWFnaW5nYXJjaGl2ZS5uZXQifQ==
asset_c860f4eab203e160306c94eb,unavailable,MSB-02266-01-06.svs,MSB-02266-01-06.svs,CMB-AML/MSB-02266-01-06.svs,SVS,whole_slide_image,2D,static,pathology,SM,whole_slide_image,submitted_original,tcia_aspera,pathology-file-object:a0f2049c93a0728ed1233844,https://faspex.cancerimagingarchive.net/aspera/faspex?context=eyJyZXNvdXJjZSI6InBhY2thZ2VzIiwidHlwZSI6ImV4dGVybmFsX2Rvd25sb2FkX3BhY2thZ2UiLCJpZCI6IjExNjIiLCJwYXNzY29kZSI6ImUzODlhMzRhOTc0MTkzNTA5MDRmMzcxNjE0ZThmZDkyNzM2ZDZkNjUiLCJwYWNrYWdlX2lkIjoiMTE2MiIsImVtYWlsIjoiaGVscEBjYW5jZXJpbWFnaW5nYXJjaGl2ZS5uZXQifQ==,"{""source_row_id"":""pathology-package-file:c7575ce7ff909939c0837f14"",""source_table"":""pathology_package_files""}","{""source_artifact"":""pathology_metadata"",""source_view"":""agent_pathology_file_objects""}",{},open,Aspera package,https://faspex.cancerimagingarchive.net/?context=eyJyZXNvdXJjZSI6InBhY2thZ2VzIiwidHlwZSI6ImV4dGVybmFsX2Rvd25sb2FkX3BhY2thZ2UiLCJpZCI6IjEzMDYiLCJwYXNzY29kZSI6IjRlNTc0MWUxNzI3OTA1OTUwMmM1ZWRjOTZmN2EyNTAwNmRjNDJhOGUiLCJwYWNrYWdlX2lkIjoiMTMwNiIsImVtYWlsIjoiaGVscEBjYW5jZXJpbWFnaW5nYXJjaGl2ZS5uZXQifQ==
asset_93e26c32e45fb4549a592aa1,unavailable,MSB-02659-01-04.svs,MSB-02659-01-04.svs,CMB-AML/MSB-02659-01-04.svs,SVS,whole_slide_image,2D,static,pathology,SM,whole_slide_image,submitted_original,tcia_aspera,pathology-file-object:88354db11cddbae188f11a95,https://faspex.cancerimagingarchive.net/aspera/faspex?context=eyJyZXNvdXJjZSI6InBhY2thZ2VzIiwidHlwZSI6ImV4dGVybmFsX2Rvd25sb2FkX3BhY2thZ2UiLCJpZCI6IjExNjIiLCJwYXNzY29kZSI6ImUzODlhMzRhOTc0MTkzNTA5MDRmMzcxNjE0ZThmZDkyNzM2ZDZkNjUiLCJwYWNrYWdlX2lkIjoiMTE2MiIsImVtYWlsIjoiaGVscEBjYW5jZXJpbWFnaW5nYXJjaGl2ZS5uZXQifQ==,"{""source_row_id"":""pathology-package-file:abd7c70da13f2c5de76481eb"",""source_table"":""pathology_package_files""}","{""source_artifact"":""pathology_metadata"",""source_view"":""agent_pathology_file_objects""}",{},open,Aspera package,https://faspex.cancerimagingarchive.net/?context=eyJyZXNvdXJjZSI6InBhY2thZ2VzIiwidHlwZSI6ImV4dGVybmFsX2Rvd25sb2FkX3BhY2thZ2UiLCJpZCI6IjEzMDYiLCJwYXNzY29kZSI6IjRlNTc0MWUxNzI3OTA1OTUwMmM1ZWRjOTZmN2EyNTAwNmRjNDJhOGUiLCJwYWNrYWdlX2lkIjoiMTMwNiIsImVtYWlsIjoiaGVscEBjYW5jZXJpbWFnaW5nYXJjaGl2ZS5uZXQifQ==
asset_b7aec57af9da398757f62cdc,unavailable,MSB-02659-01-05.svs,MSB-02659-01-05.svs,CMB-AML/MSB-02659-01-05.svs,SVS,whole_slide_image,2D,static,pathology,SM,whole_slide_image,submitted_original,tcia_aspera,pathology-file-object:3a86b7269fda3bee6d30d4a5,https://faspex.cancerimagingarchive.net/aspera/faspex?context=eyJyZXNvdXJjZSI6InBhY2thZ2VzIiwidHlwZSI6ImV4dGVybmFsX2Rvd25sb2FkX3BhY2thZ2UiLCJpZCI6IjExNjIiLCJwYXNzY29kZSI6ImUzODlhMzRhOTc0MTkzNTA5MDRmMzcxNjE0ZThmZDkyNzM2ZDZkNjUiLCJwYWNrYWdlX2lkIjoiMTE2MiIsImVtYWlsIjoiaGVscEBjYW5jZXJpbWFnaW5nYXJjaGl2ZS5uZXQifQ==,"{""source_row_id"":""pathology-package-file:9ed7d4adc5651375f1acbb75"",""source_table"":""pathology_package_files""}","{""source_artifact"":""pathology_metadata"",""source_view"":""agent_pathology_file_objects""}",{},open,Aspera package,https://faspex.cancerimagingarchive.net/?context=eyJyZXNvdXJjZSI6InBhY2thZ2VzIiwidHlwZSI6ImV4dGVybmFsX2Rvd25sb2FkX3BhY2thZ2UiLCJpZCI6IjEzMDYiLCJwYXNzY29kZSI6IjRlNTc0MWUxNzI3OTA1OTUwMmM1ZWRjOTZmN2EyNTAwNmRjNDJhOGUiLCJwYWNrYWdlX2lkIjoiMTMwNiIsImVtYWlsIjoiaGVscEBjYW5jZXJpbWFnaW5nYXJjaGl2ZS5uZXQifQ==
asset_b2d956e1621cd70233dd9932,unavailable,MSB-02659-03-02.svs,MSB-02659-03-02.svs,CMB-AML/MSB-02659-03-02.svs,SVS,whole_slide_image,2D,static,pathology,SM,whole_slide_image,submitted_original,tcia_aspera,pathology-file-object:237b81d91d6615aaa686c5ae,https://faspex.cancerimagingarchive.net/aspera/faspex?context=eyJyZXNvdXJjZSI6InBhY2thZ2VzIiwidHlwZSI6ImV4dGVybmFsX2Rvd25sb2FkX3BhY2thZ2UiLCJpZCI6IjExNjIiLCJwYXNzY29kZSI6ImUzODlhMzRhOTc0MTkzNTA5MDRmMzcxNjE0ZThmZDkyNzM2ZDZkNjUiLCJwYWNrYWdlX2lkIjoiMTE2MiIsImVtYWlsIjoiaGVscEBjYW5jZXJpbWFnaW5nYXJjaGl2ZS5uZXQifQ==,"{""source_row_id"":""pathology-package-file:b6c01921de857eced5d0946c"",""source_table"":""pathology_package_files""}","{""source_artifact"":""pathology_metadata"",""source_view"":""agent_pathology_file_objects""}",{},open,Aspera package,https://faspex.cancerimagingarchive.net/?context=eyJyZXNvdXJjZSI6InBhY2thZ2VzIiwidHlwZSI6ImV4dGVybmFsX2Rvd25sb2FkX3BhY2thZ2UiLCJpZCI6IjEzMDYiLCJwYXNzY29kZSI6IjRlNTc0MWUxNzI3OTA1OTUwMmM1ZWRjOTZmN2EyNTAwNmRjNDJhOGUiLCJwYWNrYWdlX2lkIjoiMTMwNiIsImVtYWlsIjoiaGVscEBjYW5jZXJpbWFnaW5nYXJjaGl2ZS5uZXQifQ==
asset_44cb59342b84698155b05f29,unavailable,MSB-02960-01-44.svs,MSB-02960-01-44.svs,CMB-AML/MSB-02960-01-44.svs,SVS,whole_slide_image,2D,static,pathology,SM,whole_slide_image,submitted_original,tcia_aspera,pathology-file-object:1823a4303c5666d81358f803,https://faspex.cancerimagingarchive.net/aspera/faspex?context=eyJyZXNvdXJjZSI6InBhY2thZ2VzIiwidHlwZSI6ImV4dGVybmFsX2Rvd25sb2FkX3BhY2thZ2UiLCJpZCI6IjExNjIiLCJwYXNzY29kZSI6ImUzODlhMzRhOTc0MTkzNTA5MDRmMzcxNjE0ZThmZDkyNzM2ZDZkNjUiLCJwYWNrYWdlX2lkIjoiMTE2MiIsImVtYWlsIjoiaGVscEBjYW5jZXJpbWFnaW5nYXJjaGl2ZS5uZXQifQ==,"{""source_row_id"":""pathology-package-file:33f3961352b0a1bc75e6e748"",""source_table"":""pathology_package_files""}","{""source_artifact"":""pathology_metadata"",""source_view"":""agent_pathology_file_objects""}",{},open,Aspera package,https://faspex.cancerimagingarchive.net/?context=eyJyZXNvdXJjZSI6InBhY2thZ2VzIiwidHlwZSI6ImV4dGVybmFsX2Rvd25sb2FkX3BhY2thZ2UiLCJpZCI6IjEzMDYiLCJwYXNzY29kZSI6IjRlNTc0MWUxNzI3OTA1OTUwMmM1ZWRjOTZmN2EyNTAwNmRjNDJhOGUiLCJwYWNrYWdlX2lkIjoiMTMwNiIsImVtYWlsIjoiaGVscEBjYW5jZXJpbWFnaW5nYXJjaGl2ZS5uZXQifQ==
asset_078b262fc492d132b00073db,unavailable,MSB-02960-04-02.svs,MSB-02960-04-02.svs,CMB-AML/MSB-02960-04-02.svs,SVS,whole_slide_image,2D,static,pathology,SM,whole_slide_image,submitted_original,tcia_aspera,pathology-file-object:6102825f469d2dc3e5bc5591,https://faspex.cancerimagingarchive.net/aspera/faspex?context=eyJyZXNvdXJjZSI6InBhY2thZ2VzIiwidHlwZSI6ImV4dGVybmFsX2Rvd25sb2FkX3BhY2thZ2UiLCJpZCI6IjExNjIiLCJwYXNzY29kZSI6ImUzODlhMzRhOTc0MTkzNTA5MDRmMzcxNjE0ZThmZDkyNzM2ZDZkNjUiLCJwYWNrYWdlX2lkIjoiMTE2MiIsImVtYWlsIjoiaGVscEBjYW5jZXJpbWFnaW5nYXJjaGl2ZS5uZXQifQ==,"{""source_row_id"":""pathology-package-file:3030de6c8c2b1ca23155eb85"",""source_table"":""pathology_package_files""}","{""source_artifact"":""pathology_metadata"",""source_view"":""agent_pathology_file_objects""}",{},open,Aspera package,https://faspex.cancerimagingarchive.net/?context=eyJyZXNvdXJjZSI6InBhY2thZ2VzIiwidHlwZSI6ImV4dGVybmFsX2Rvd25sb2FkX3BhY2thZ2UiLCJpZCI6IjEzMDYiLCJwYXNzY29kZSI6IjRlNTc0MWUxNzI3OTA1OTUwMmM1ZWRjOTZmN2EyNTAwNmRjNDJhOGUiLCJwYWNrYWdlX2lkIjoiMTMwNiIsImVtYWlsIjoiaGVscEBjYW5jZXJpbWFnaW5nYXJjaGl2ZS5uZXQifQ==
asset_a90984b20c6a67adf4a978b5,unavailable,MSB-02960-08-02.svs,MSB-02960-08-02.svs,CMB-AML/MSB-02960-08-02.svs,SVS,whole_slide_image,2D,static,pathology,SM,whole_slide_image,submitted_original,tcia_aspera,pathology-file-object:a1086bacdbad559ede783a54,https://faspex.cancerimagingarchive.net/aspera/faspex?context=eyJyZXNvdXJjZSI6InBhY2thZ2VzIiwidHlwZSI6ImV4dGVybmFsX2Rvd25sb2FkX3BhY2thZ2UiLCJpZCI6IjExNjIiLCJwYXNzY29kZSI6ImUzODlhMzRhOTc0MTkzNTA5MDRmMzcxNjE0ZThmZDkyNzM2ZDZkNjUiLCJwYWNrYWdlX2lkIjoiMTE2MiIsImVtYWlsIjoiaGVscEBjYW5jZXJpbWFnaW5nYXJjaGl2ZS5uZXQifQ==,"{""source_row_id"":""pathology-package-file:bab499746261d83ac15c3aed"",""source_table"":""pathology_package_files""}","{""source_artifact"":""pathology_metadata"",""source_view"":""agent_pathology_file_objects""}",{},open,Aspera package,https://faspex.cancerimagingarchive.net/?context=eyJyZXNvdXJjZSI6InBhY2thZ2VzIiwidHlwZSI6ImV4dGVybmFsX2Rvd25sb2FkX3BhY2thZ2UiLCJpZCI6IjEzMDYiLCJwYXNzY29kZSI6IjRlNTc0MWUxNzI3OTA1OTUwMmM1ZWRjOTZmN2EyNTAwNmRjNDJhOGUiLCJwYWNrYWdlX2lkIjoiMTMwNiIsImVtYWlsIjoiaGVscEBjYW5jZXJpbWFnaW5nYXJjaGl2ZS5uZXQifQ==
asset_253d714237397dda34b22d36,unavailable,MSB-02960-13-02.svs,MSB-02960-13-02.svs,CMB-AML/MSB-02960-13-02.svs,SVS,whole_slide_image,2D,static,pathology,SM,whole_slide_image,submitted_original,tcia_aspera,pathology-file-object:439b07ca33f63b1d2fd60d83,https://faspex.cancerimagingarchive.net/aspera/faspex?context=eyJyZXNvdXJjZSI6InBhY2thZ2VzIiwidHlwZSI6ImV4dGVybmFsX2Rvd25sb2FkX3BhY2thZ2UiLCJpZCI6IjExNjIiLCJwYXNzY29kZSI6ImUzODlhMzRhOTc0MTkzNTA5MDRmMzcxNjE0ZThmZDkyNzM2ZDZkNjUiLCJwYWNrYWdlX2lkIjoiMTE2MiIsImVtYWlsIjoiaGVscEBjYW5jZXJpbWFnaW5nYXJjaGl2ZS5uZXQifQ==,"{""source_row_id"":""pathology-package-file:fe0493d3a4c28b63a6adc776"",""source_table"":""pathology_package_files""}","{""source_artifact"":""pathology_metadata"",""source_view"":""agent_pathology_file_objects""}",{},open,Aspera package,https://faspex.cancerimagingarchive.net/?context=eyJyZXNvdXJjZSI6InBhY2thZ2VzIiwidHlwZSI6ImV4dGVybmFsX2Rvd25sb2FkX3BhY2thZ2UiLCJpZCI6IjEzMDYiLCJwYXNzY29kZSI6IjRlNTc0MWUxNzI3OTA1OTUwMmM1ZWRjOTZmN2EyNTAwNmRjNDJhOGUiLCJwYWNrYWdlX2lkIjoiMTMwNiIsImVtYWlsIjoiaGVscEBjYW5jZXJpbWFnaW5nYXJjaGl2ZS5uZXQifQ==
asset_5ef2ec5f54f97443cb517a08,unavailable,MSB-03755-01-02.svs,MSB-03755-01-02.svs,CMB-AML/MSB-03755-01-02.svs,SVS,whole_slide_image,2D,static,pathology,SM,whole_slide_image,submitted_original,tcia_aspera,pathology-file-object:505d09600013ff04ede05ae1,https://faspex.cancerimagingarchive.net/aspera/faspex?context=eyJyZXNvdXJjZSI6InBhY2thZ2VzIiwidHlwZSI6ImV4dGVybmFsX2Rvd25sb2FkX3BhY2thZ2UiLCJpZCI6IjExNjIiLCJwYXNzY29kZSI6ImUzODlhMzRhOTc0MTkzNTA5MDRmMzcxNjE0ZThmZDkyNzM2ZDZkNjUiLCJwYWNrYWdlX2lkIjoiMTE2MiIsImVtYWlsIjoiaGVscEBjYW5jZXJpbWFnaW5nYXJjaGl2ZS5uZXQifQ==,"{""source_row_id"":""pathology-package-file:86f79216ea16dfe48f8838a9"",""source_table"":""pathology_package_files""}","{""source_artifact"":""pathology_metadata"",""source_view"":""agent_pathology_file_objects""}",{},open,Aspera package,https://faspex.cancerimagingarchive.net/?context=eyJyZXNvdXJjZSI6InBhY2thZ2VzIiwidHlwZSI6ImV4dGVybmFsX2Rvd25sb2FkX3BhY2thZ2UiLCJpZCI6IjEzMDYiLCJwYXNzY29kZSI6IjRlNTc0MWUxNzI3OTA1OTUwMmM1ZWRjOTZmN2EyNTAwNmRjNDJhOGUiLCJwYWNrYWdlX2lkIjoiMTMwNiIsImVtYWlsIjoiaGVscEBjYW5jZXJpbWFnaW5nYXJjaGl2ZS5uZXQifQ==
asset_9ea62aa0c09bddf0dd4697da,unavailable,MSB-04591-06-02.svs,MSB-04591-06-02.svs,CMB-AML/MSB-04591-06-02.svs,SVS,whole_slide_image,2D,static,pathology,SM,whole_slide_image,submitted_original,tcia_aspera,pathology-file-object:245e47017dd2c35f36d4c8b7,https://faspex.cancerimagingarchive.net/aspera/faspex?context=eyJyZXNvdXJjZSI6InBhY2thZ2VzIiwidHlwZSI6ImV4dGVybmFsX2Rvd25sb2FkX3BhY2thZ2UiLCJpZCI6IjExNjIiLCJwYXNzY29kZSI6ImUzODlhMzRhOTc0MTkzNTA5MDRmMzcxNjE0ZThmZDkyNzM2ZDZkNjUiLCJwYWNrYWdlX2lkIjoiMTE2MiIsImVtYWlsIjoiaGVscEBjYW5jZXJpbWFnaW5nYXJjaGl2ZS5uZXQifQ==,"{""source_row_id"":""pathology-package-file:82ac35f6f781fa9fdc010ea2"",""source_table"":""pathology_package_files""}","{""source_artifact"":""pathology_metadata"",""source_view"":""agent_pathology_file_objects""}",{},open,Aspera package,https://faspex.cancerimagingarchive.net/?context=eyJyZXNvdXJjZSI6InBhY2thZ2VzIiwidHlwZSI6ImV4dGVybmFsX2Rvd25sb2FkX3BhY2thZ2UiLCJpZCI6IjEzMDYiLCJwYXNzY29kZSI6IjRlNTc0MWUxNzI3OTA1OTUwMmM1ZWRjOTZmN2EyNTAwNmRjNDJhOGUiLCJwYWNrYWdlX2lkIjoiMTMwNiIsImVtYWlsIjoiaGVscEBjYW5jZXJpbWFnaW5nYXJjaGl2ZS5uZXQifQ==
asset_7fa1d0adcd16d91e2ad0289a,unavailable,MSB-04591-10-02.svs,MSB-04591-10-02.svs,CMB-AML/MSB-04591-10-02.svs,SVS,whole_slide_image,2D,static,pathology,SM,whole_slide_image,submitted_original,tcia_aspera,pathology-file-object:5c69829d9f306184efcd2d8c,https://faspex.cancerimagingarchive.net/aspera/faspex?context=eyJyZXNvdXJjZSI6InBhY2thZ2VzIiwidHlwZSI6ImV4dGVybmFsX2Rvd25sb2FkX3BhY2thZ2UiLCJpZCI6IjExNjIiLCJwYXNzY29kZSI6ImUzODlhMzRhOTc0MTkzNTA5MDRmMzcxNjE0ZThmZDkyNzM2ZDZkNjUiLCJwYWNrYWdlX2lkIjoiMTE2MiIsImVtYWlsIjoiaGVscEBjYW5jZXJpbWFnaW5nYXJjaGl2ZS5uZXQifQ==,"{""source_row_id"":""pathology-package-file:45930e0417f477038b986377"",""source_table"":""pathology_package_files""}","{""source_artifact"":""pathology_metadata"",""source_view"":""agent_pathology_file_objects""}",{},open,Aspera package,https://faspex.cancerimagingarchive.net/?context=eyJyZXNvdXJjZSI6InBhY2thZ2VzIiwidHlwZSI6ImV4dGVybmFsX2Rvd25sb2FkX3BhY2thZ2UiLCJpZCI6IjEzMDYiLCJwYXNzY29kZSI6IjRlNTc0MWUxNzI3OTA1OTUwMmM1ZWRjOTZmN2EyNTAwNmRjNDJhOGUiLCJwYWNrYWdlX2lkIjoiMTMwNiIsImVtYWlsIjoiaGVscEBjYW5jZXJpbWFnaW5nYXJjaGl2ZS5uZXQifQ==
asset_5844665ab6ca3268f4c07766,unavailable,MSB-04591-11-04.svs,MSB-04591-11-04.svs,CMB-AML/MSB-04591-11-04.svs,SVS,whole_slide_image,2D,static,pathology,SM,whole_slide_image,submitted_original,tcia_aspera,pathology-file-object:a14adccc13ca784f52bb8af7,https://faspex.cancerimagingarchive.net/aspera/faspex?context=eyJyZXNvdXJjZSI6InBhY2thZ2VzIiwidHlwZSI6ImV4dGVybmFsX2Rvd25sb2FkX3BhY2thZ2UiLCJpZCI6IjExNjIiLCJwYXNzY29kZSI6ImUzODlhMzRhOTc0MTkzNTA5MDRmMzcxNjE0ZThmZDkyNzM2ZDZkNjUiLCJwYWNrYWdlX2lkIjoiMTE2MiIsImVtYWlsIjoiaGVscEBjYW5jZXJpbWFnaW5nYXJjaGl2ZS5uZXQifQ==,"{""source_row_id"":""pathology-package-file:87f9584c2b7f62e5e319d16d"",""source_table"":""pathology_package_files""}","{""source_artifact"":""pathology_metadata"",""source_view"":""agent_pathology_file_objects""}",{},open,Aspera package,https://faspex.cancerimagingarchive.net/?context=eyJyZXNvdXJjZSI6InBhY2thZ2VzIiwidHlwZSI6ImV4dGVybmFsX2Rvd25sb2FkX3BhY2thZ2UiLCJpZCI6IjEzMDYiLCJwYXNzY29kZSI6IjRlNTc0MWUxNzI3OTA1OTUwMmM1ZWRjOTZmN2EyNTAwNmRjNDJhOGUiLCJwYWNrYWdlX2lkIjoiMTMwNiIsImVtYWlsIjoiaGVscEBjYW5jZXJpbWFnaW5nYXJjaGl2ZS5uZXQifQ==
asset_f7cde37f7a842bef497a22de,unavailable,MSB-04591-11-05.svs,MSB-04591-11-05.svs,CMB-AML/MSB-04591-11-05.svs,SVS,whole_slide_image,2D,static,pathology,SM,whole_slide_image,submitted_original,tcia_aspera,pathology-file-object:b5d5059fbd8c2f858c2d4aa9,https://faspex.cancerimagingarchive.net/aspera/faspex?context=eyJyZXNvdXJjZSI6InBhY2thZ2VzIiwidHlwZSI6ImV4dGVybmFsX2Rvd25sb2FkX3BhY2thZ2UiLCJpZCI6IjExNjIiLCJwYXNzY29kZSI6ImUzODlhMzRhOTc0MTkzNTA5MDRmMzcxNjE0ZThmZDkyNzM2ZDZkNjUiLCJwYWNrYWdlX2lkIjoiMTE2MiIsImVtYWlsIjoiaGVscEBjYW5jZXJpbWFnaW5nYXJjaGl2ZS5uZXQifQ==,"{""source_row_id"":""pathology-package-file:c359e22a2178c7adbec1fa94"",""source_table"":""pathology_package_files""}","{""source_artifact"":""pathology_metadata"",""source_view"":""agent_pathology_file_objects""}",{},open,Aspera package,https://faspex.cancerimagingarchive.net/?context=eyJyZXNvdXJjZSI6InBhY2thZ2VzIiwidHlwZSI6ImV4dGVybmFsX2Rvd25sb2FkX3BhY2thZ2UiLCJpZCI6IjEzMDYiLCJwYXNzY29kZSI6IjRlNTc0MWUxNzI3OTA1OTUwMmM1ZWRjOTZmN2EyNTAwNmRjNDJhOGUiLCJwYWNrYWdlX2lkIjoiMTMwNiIsImVtYWlsIjoiaGVscEBjYW5jZXJpbWFnaW5nYXJjaGl2ZS5uZXQifQ==
asset_66b94cbd63b70cce36c10791,unavailable,MSB-04591-13-02.svs,MSB-04591-13-02.svs,CMB-AML/MSB-04591-13-02.svs,SVS,whole_slide_image,2D,static,pathology,SM,whole_slide_image,submitted_original,tcia_aspera,pathology-file-object:91b9dbe7937b226999e61ae6,https://faspex.cancerimagingarchive.net/aspera/faspex?context=eyJyZXNvdXJjZSI6InBhY2thZ2VzIiwidHlwZSI6ImV4dGVybmFsX2Rvd25sb2FkX3BhY2thZ2UiLCJpZCI6IjExNjIiLCJwYXNzY29kZSI6ImUzODlhMzRhOTc0MTkzNTA5MDRmMzcxNjE0ZThmZDkyNzM2ZDZkNjUiLCJwYWNrYWdlX2lkIjoiMTE2MiIsImVtYWlsIjoiaGVscEBjYW5jZXJpbWFnaW5nYXJjaGl2ZS5uZXQifQ==,"{""source_row_id"":""pathology-package-file:4c53464185ecb13e78e137a0"",""source_table"":""pathology_package_files""}","{""source_artifact"":""pathology_metadata"",""source_view"":""agent_pathology_file_objects""}",{},open,Aspera package,https://faspex.cancerimagingarchive.net/?context=eyJyZXNvdXJjZSI6InBhY2thZ2VzIiwidHlwZSI6ImV4dGVybmFsX2Rvd25sb2FkX3BhY2thZ2UiLCJpZCI6IjEzMDYiLCJwYXNzY29kZSI6IjRlNTc0MWUxNzI3OTA1OTUwMmM1ZWRjOTZmN2EyNTAwNmRjNDJhOGUiLCJwYWNrYWdlX2lkIjoiMTMwNiIsImVtYWlsIjoiaGVscEBjYW5jZXJpbWFnaW5nYXJjaGl2ZS5uZXQifQ==
asset_26671542bc075e43cebe1568,unavailable,MSB-04591-14-20.svs,MSB-04591-14-20.svs,CMB-AML/MSB-04591-14-20.svs,SVS,whole_slide_image,2D,static,pathology,SM,whole_slide_image,submitted_original,tcia_aspera,pathology-file-object:1c461bf080310e2fc210a5ee,https://faspex.cancerimagingarchive.net/aspera/faspex?context=eyJyZXNvdXJjZSI6InBhY2thZ2VzIiwidHlwZSI6ImV4dGVybmFsX2Rvd25sb2FkX3BhY2thZ2UiLCJpZCI6IjExNjIiLCJwYXNzY29kZSI6ImUzODlhMzRhOTc0MTkzNTA5MDRmMzcxNjE0ZThmZDkyNzM2ZDZkNjUiLCJwYWNrYWdlX2lkIjoiMTE2MiIsImVtYWlsIjoiaGVscEBjYW5jZXJpbWFnaW5nYXJjaGl2ZS5uZXQifQ==,"{""source_row_id"":""pathology-package-file:22f67821671d4a44ef8c493c"",""source_table"":""pathology_package_files""}","{""source_artifact"":""pathology_metadata"",""source_view"":""agent_pathology_file_objects""}",{},open,Aspera package,https://faspex.cancerimagingarchive.net/?context=eyJyZXNvdXJjZSI6InBhY2thZ2VzIiwidHlwZSI6ImV4dGVybmFsX2Rvd25sb2FkX3BhY2thZ2UiLCJpZCI6IjEzMDYiLCJwYXNzY29kZSI6IjRlNTc0MWUxNzI3OTA1OTUwMmM1ZWRjOTZmN2EyNTAwNmRjNDJhOGUiLCJwYWNrYWdlX2lkIjoiMTMwNiIsImVtYWlsIjoiaGVscEBjYW5jZXJpbWFnaW5nYXJjaGl2ZS5uZXQifQ==
asset_4da7bd312e0c380e77b414f1,unavailable,MSB-04930-04-01.svs,MSB-04930-04-01.svs,CMB-AML/MSB-04930-04-01.svs,SVS,whole_slide_image,2D,static,pathology,SM,whole_slide_image,submitted_original,tcia_aspera,pathology-file-object:2db45e12941d9748b6fb468e,https://faspex.cancerimagingarchive.net/aspera/faspex?context=eyJyZXNvdXJjZSI6InBhY2thZ2VzIiwidHlwZSI6ImV4dGVybmFsX2Rvd25sb2FkX3BhY2thZ2UiLCJpZCI6IjExNjIiLCJwYXNzY29kZSI6ImUzODlhMzRhOTc0MTkzNTA5MDRmMzcxNjE0ZThmZDkyNzM2ZDZkNjUiLCJwYWNrYWdlX2lkIjoiMTE2MiIsImVtYWlsIjoiaGVscEBjYW5jZXJpbWFnaW5nYXJjaGl2ZS5uZXQifQ==,"{""source_row_id"":""pathology-package-file:cbae1501940101bcfe7e2325"",""source_table"":""pathology_package_files""}","{""source_artifact"":""pathology_metadata"",""source_view"":""agent_pathology_file_objects""}",{},open,Aspera package,https://faspex.cancerimagingarchive.net/?context=eyJyZXNvdXJjZSI6InBhY2thZ2VzIiwidHlwZSI6ImV4dGVybmFsX2Rvd25sb2FkX3BhY2thZ2UiLCJpZCI6IjEzMDYiLCJwYXNzY29kZSI6IjRlNTc0MWUxNzI3OTA1OTUwMmM1ZWRjOTZmN2EyNTAwNmRjNDJhOGUiLCJwYWNrYWdlX2lkIjoiMTMwNiIsImVtYWlsIjoiaGVscEBjYW5jZXJpbWFnaW5nYXJjaGl2ZS5uZXQifQ==
asset_2acd6f0569caab52e8390a4a,unavailable,MSB-04930-05-02.svs,MSB-04930-05-02.svs,CMB-AML/MSB-04930-05-02.svs,SVS,whole_slide_image,2D,static,pathology,SM,whole_slide_image,submitted_original,tcia_aspera,pathology-file-object:e1b33c8747251a71b9b03340,https://faspex.cancerimagingarchive.net/aspera/faspex?context=eyJyZXNvdXJjZSI6InBhY2thZ2VzIiwidHlwZSI6ImV4dGVybmFsX2Rvd25sb2FkX3BhY2thZ2UiLCJpZCI6IjExNjIiLCJwYXNzY29kZSI6ImUzODlhMzRhOTc0MTkzNTA5MDRmMzcxNjE0ZThmZDkyNzM2ZDZkNjUiLCJwYWNrYWdlX2lkIjoiMTE2MiIsImVtYWlsIjoiaGVscEBjYW5jZXJpbWFnaW5nYXJjaGl2ZS5uZXQifQ==,"{""source_row_id"":""pathology-package-file:795299f093622485b0b229f3"",""source_table"":""pathology_package_files""}","{""source_artifact"":""pathology_metadata"",""source_view"":""agent_pathology_file_objects""}",{},open,Aspera package,https://faspex.cancerimagingarchive.net/?context=eyJyZXNvdXJjZSI6InBhY2thZ2VzIiwidHlwZSI6ImV4dGVybmFsX2Rvd25sb2FkX3BhY2thZ2UiLCJpZCI6IjEzMDYiLCJwYXNzY29kZSI6IjRlNTc0MWUxNzI3OTA1OTUwMmM1ZWRjOTZmN2EyNTAwNmRjNDJhOGUiLCJwYWNrYWdlX2lkIjoiMTMwNiIsImVtYWlsIjoiaGVscEBjYW5jZXJpbWFnaW5nYXJjaGl2ZS5uZXQifQ==
asset_0708f41b06f3a98c269e6c08,unavailable,MSB-05167-01-04.svs,MSB-05167-01-04.svs,CMB-AML/MSB-05167-01-04.svs,SVS,whole_slide_image,2D,static,pathology,SM,whole_slide_image,submitted_original,tcia_aspera,pathology-file-object:3b1ed33ff509743d7f77cfe5,https://faspex.cancerimagingarchive.net/aspera/faspex?context=eyJyZXNvdXJjZSI6InBhY2thZ2VzIiwidHlwZSI6ImV4dGVybmFsX2Rvd25sb2FkX3BhY2thZ2UiLCJpZCI6IjExNjIiLCJwYXNzY29kZSI6ImUzODlhMzRhOTc0MTkzNTA5MDRmMzcxNjE0ZThmZDkyNzM2ZDZkNjUiLCJwYWNrYWdlX2lkIjoiMTE2MiIsImVtYWlsIjoiaGVscEBjYW5jZXJpbWFnaW5nYXJjaGl2ZS5uZXQifQ==,"{""source_row_id"":""pathology-package-file:a8aa1ca3c2cfce21f997c584"",""source_table"":""pathology_package_files""}","{""source_artifact"":""pathology_metadata"",""source_view"":""agent_pathology_file_objects""}",{},open,Aspera package,https://faspex.cancerimagingarchive.net/?context=eyJyZXNvdXJjZSI6InBhY2thZ2VzIiwidHlwZSI6ImV4dGVybmFsX2Rvd25sb2FkX3BhY2thZ2UiLCJpZCI6IjEzMDYiLCJwYXNzY29kZSI6IjRlNTc0MWUxNzI3OTA1OTUwMmM1ZWRjOTZmN2EyNTAwNmRjNDJhOGUiLCJwYWNrYWdlX2lkIjoiMTMwNiIsImVtYWlsIjoiaGVscEBjYW5jZXJpbWFnaW5nYXJjaGl2ZS5uZXQifQ==
asset_1b637edf65a322bd596f12be,unavailable,MSB-05167-01-05.svs,MSB-05167-01-05.svs,CMB-AML/MSB-05167-01-05.svs,SVS,whole_slide_image,2D,static,pathology,SM,whole_slide_image,submitted_original,tcia_aspera,pathology-file-object:9d3e776a32ffb90604f121db,https://faspex.cancerimagingarchive.net/aspera/faspex?context=eyJyZXNvdXJjZSI6InBhY2thZ2VzIiwidHlwZSI6ImV4dGVybmFsX2Rvd25sb2FkX3BhY2thZ2UiLCJpZCI6IjExNjIiLCJwYXNzY29kZSI6ImUzODlhMzRhOTc0MTkzNTA5MDRmMzcxNjE0ZThmZDkyNzM2ZDZkNjUiLCJwYWNrYWdlX2lkIjoiMTE2MiIsImVtYWlsIjoiaGVscEBjYW5jZXJpbWFnaW5nYXJjaGl2ZS5uZXQifQ==,"{""source_row_id"":""pathology-package-file:dc3a736292993ef0d9a41b9a"",""source_table"":""pathology_package_files""}","{""source_artifact"":""pathology_metadata"",""source_view"":""agent_pathology_file_objects""}",{},open,Aspera package,https://faspex.cancerimagingarchive.net/?context=eyJyZXNvdXJjZSI6InBhY2thZ2VzIiwidHlwZSI6ImV4dGVybmFsX2Rvd25sb2FkX3BhY2thZ2UiLCJpZCI6IjEzMDYiLCJwYXNzY29kZSI6IjRlNTc0MWUxNzI3OTA1OTUwMmM1ZWRjOTZmN2EyNTAwNmRjNDJhOGUiLCJwYWNrYWdlX2lkIjoiMTMwNiIsImVtYWlsIjoiaGVscEBjYW5jZXJpbWFnaW5nYXJjaGl2ZS5uZXQifQ==
asset_2577e6806791c350eda715b6,unavailable,MSB-05167-02-01.svs,MSB-05167-02-01.svs,CMB-AML/MSB-05167-02-01.svs,SVS,whole_slide_image,2D,static,pathology,SM,whole_slide_image,submitted_original,tcia_aspera,pathology-file-object:d551ef3fe90bbe1ccde45ef0,https://faspex.cancerimagingarchive.net/aspera/faspex?context=eyJyZXNvdXJjZSI6InBhY2thZ2VzIiwidHlwZSI6ImV4dGVybmFsX2Rvd25sb2FkX3BhY2thZ2UiLCJpZCI6IjExNjIiLCJwYXNzY29kZSI6ImUzODlhMzRhOTc0MTkzNTA5MDRmMzcxNjE0ZThmZDkyNzM2ZDZkNjUiLCJwYWNrYWdlX2lkIjoiMTE2MiIsImVtYWlsIjoiaGVscEBjYW5jZXJpbWFnaW5nYXJjaGl2ZS5uZXQifQ==,"{""source_row_id"":""pathology-package-file:73e06f4eb62d7157ac69e6cb"",""source_table"":""pathology_package_files""}","{""source_artifact"":""pathology_metadata"",""source_view"":""agent_pathology_file_objects""}",{},open,Aspera package,https://faspex.cancerimagingarchive.net/?context=eyJyZXNvdXJjZSI6InBhY2thZ2VzIiwidHlwZSI6ImV4dGVybmFsX2Rvd25sb2FkX3BhY2thZ2UiLCJpZCI6IjEzMDYiLCJwYXNzY29kZSI6IjRlNTc0MWUxNzI3OTA1OTUwMmM1ZWRjOTZmN2EyNTAwNmRjNDJhOGUiLCJwYWNrYWdlX2lkIjoiMTMwNiIsImVtYWlsIjoiaGVscEBjYW5jZXJpbWFnaW5nYXJjaGl2ZS5uZXQifQ==
asset_1b86f713aec2a1cbaa791c74,unavailable,MSB-05251-01-19.svs,MSB-05251-01-19.svs,CMB-AML/MSB-05251-01-19.svs,SVS,whole_slide_image,2D,static,pathology,SM,whole_slide_image,submitted_original,tcia_aspera,pathology-file-object:66af6604305b27db83bdd738,https://faspex.cancerimagingarchive.net/aspera/faspex?context=eyJyZXNvdXJjZSI6InBhY2thZ2VzIiwidHlwZSI6ImV4dGVybmFsX2Rvd25sb2FkX3BhY2thZ2UiLCJpZCI6IjExNjIiLCJwYXNzY29kZSI6ImUzODlhMzRhOTc0MTkzNTA5MDRmMzcxNjE0ZThmZDkyNzM2ZDZkNjUiLCJwYWNrYWdlX2lkIjoiMTE2MiIsImVtYWlsIjoiaGVscEBjYW5jZXJpbWFnaW5nYXJjaGl2ZS5uZXQifQ==,"{""source_row_id"":""pathology-package-file:220befd5258f30839e38acdc"",""source_table"":""pathology_package_files""}","{""source_artifact"":""pathology_metadata"",""source_view"":""agent_pathology_file_objects""}",{},open,Aspera package,https://faspex.cancerimagingarchive.net/?context=eyJyZXNvdXJjZSI6InBhY2thZ2VzIiwidHlwZSI6ImV4dGVybmFsX2Rvd25sb2FkX3BhY2thZ2UiLCJpZCI6IjEzMDYiLCJwYXNzY29kZSI6IjRlNTc0MWUxNzI3OTA1OTUwMmM1ZWRjOTZmN2EyNTAwNmRjNDJhOGUiLCJwYWNrYWdlX2lkIjoiMTMwNiIsImVtYWlsIjoiaGVscEBjYW5jZXJpbWFnaW5nYXJjaGl2ZS5uZXQifQ==
asset_8257ca4fa6a78e08fa535f2d,unavailable,MSB-05251-01-20.svs,MSB-05251-01-20.svs,CMB-AML/MSB-05251-01-20.svs,SVS,whole_slide_image,2D,static,pathology,SM,whole_slide_image,submitted_original,tcia_aspera,pathology-file-object:0f8bf7d6df0b3c811f4d4b33,https://faspex.cancerimagingarchive.net/aspera/faspex?context=eyJyZXNvdXJjZSI6InBhY2thZ2VzIiwidHlwZSI6ImV4dGVybmFsX2Rvd25sb2FkX3BhY2thZ2UiLCJpZCI6IjExNjIiLCJwYXNzY29kZSI6ImUzODlhMzRhOTc0MTkzNTA5MDRmMzcxNjE0ZThmZDkyNzM2ZDZkNjUiLCJwYWNrYWdlX2lkIjoiMTE2MiIsImVtYWlsIjoiaGVscEBjYW5jZXJpbWFnaW5nYXJjaGl2ZS5uZXQifQ==,"{""source_row_id"":""pathology-package-file:385e65491cc6920309c4648c"",""source_table"":""pathology_package_files""}","{""source_artifact"":""pathology_metadata"",""source_view"":""agent_pathology_file_objects""}",{},open,Aspera package,https://faspex.cancerimagingarchive.net/?context=eyJyZXNvdXJjZSI6InBhY2thZ2VzIiwidHlwZSI6ImV4dGVybmFsX2Rvd25sb2FkX3BhY2thZ2UiLCJpZCI6IjEzMDYiLCJwYXNzY29kZSI6IjRlNTc0MWUxNzI3OTA1OTUwMmM1ZWRjOTZmN2EyNTAwNmRjNDJhOGUiLCJwYWNrYWdlX2lkIjoiMTMwNiIsImVtYWlsIjoiaGVscEBjYW5jZXJpbWFnaW5nYXJjaGl2ZS5uZXQifQ==
asset_c3477dd86c95aebb1fe8ff95,unavailable,MSB-05251-02-02.svs,MSB-05251-02-02.svs,CMB-AML/MSB-05251-02-02.svs,SVS,whole_slide_image,2D,static,pathology,SM,whole_slide_image,submitted_original,tcia_aspera,pathology-file-object:531257bb59dc512c79cc40ab,https://faspex.cancerimagingarchive.net/aspera/faspex?context=eyJyZXNvdXJjZSI6InBhY2thZ2VzIiwidHlwZSI6ImV4dGVybmFsX2Rvd25sb2FkX3BhY2thZ2UiLCJpZCI6IjExNjIiLCJwYXNzY29kZSI6ImUzODlhMzRhOTc0MTkzNTA5MDRmMzcxNjE0ZThmZDkyNzM2ZDZkNjUiLCJwYWNrYWdlX2lkIjoiMTE2MiIsImVtYWlsIjoiaGVscEBjYW5jZXJpbWFnaW5nYXJjaGl2ZS5uZXQifQ==,"{""source_row_id"":""pathology-package-file:33e0ba7785ced4b217bb3a21"",""source_table"":""pathology_package_files""}","{""source_artifact"":""pathology_metadata"",""source_view"":""agent_pathology_file_objects""}",{},open,Aspera package,https://faspex.cancerimagingarchive.net/?context=eyJyZXNvdXJjZSI6InBhY2thZ2VzIiwidHlwZSI6ImV4dGVybmFsX2Rvd25sb2FkX3BhY2thZ2UiLCJpZCI6IjEzMDYiLCJwYXNzY29kZSI6IjRlNTc0MWUxNzI3OTA1OTUwMmM1ZWRjOTZmN2EyNTAwNmRjNDJhOGUiLCJwYWNrYWdlX2lkIjoiMTMwNiIsImVtYWlsIjoiaGVscEBjYW5jZXJpbWFnaW5nYXJjaGl2ZS5uZXQifQ==
asset_c9585ba79260d63a804bec1f,unavailable,MSB-05702-01-03.svs,MSB-05702-01-03.svs,CMB-AML/MSB-05702-01-03.svs,SVS,whole_slide_image,2D,static,pathology,SM,whole_slide_image,submitted_original,tcia_aspera,pathology-file-object:fc42c50c1b04f041c9de78b3,https://faspex.cancerimagingarchive.net/aspera/faspex?context=eyJyZXNvdXJjZSI6InBhY2thZ2VzIiwidHlwZSI6ImV4dGVybmFsX2Rvd25sb2FkX3BhY2thZ2UiLCJpZCI6IjExNjIiLCJwYXNzY29kZSI6ImUzODlhMzRhOTc0MTkzNTA5MDRmMzcxNjE0ZThmZDkyNzM2ZDZkNjUiLCJwYWNrYWdlX2lkIjoiMTE2MiIsImVtYWlsIjoiaGVscEBjYW5jZXJpbWFnaW5nYXJjaGl2ZS5uZXQifQ==,"{""source_row_id"":""pathology-package-file:3c3108b680b2107a1c5f4cd1"",""source_table"":""pathology_package_files""}","{""source_artifact"":""pathology_metadata"",""source_view"":""agent_pathology_file_objects""}",{},open,Aspera package,https://faspex.cancerimagingarchive.net/?context=eyJyZXNvdXJjZSI6InBhY2thZ2VzIiwidHlwZSI6ImV4dGVybmFsX2Rvd25sb2FkX3BhY2thZ2UiLCJpZCI6IjEzMDYiLCJwYXNzY29kZSI6IjRlNTc0MWUxNzI3OTA1OTUwMmM1ZWRjOTZmN2EyNTAwNmRjNDJhOGUiLCJwYWNrYWdlX2lkIjoiMTMwNiIsImVtYWlsIjoiaGVscEBjYW5jZXJpbWFnaW5nYXJjaGl2ZS5uZXQifQ==
asset_237ef816226a9e022007ab8e,unavailable,MSB-05702-03-09.svs,MSB-05702-03-09.svs,CMB-AML/MSB-05702-03-09.svs,SVS,whole_slide_image,2D,static,pathology,SM,whole_slide_image,submitted_original,tcia_aspera,pathology-file-object:d211eed3262bc18d8daed027,https://faspex.cancerimagingarchive.net/aspera/faspex?context=eyJyZXNvdXJjZSI6InBhY2thZ2VzIiwidHlwZSI6ImV4dGVybmFsX2Rvd25sb2FkX3BhY2thZ2UiLCJpZCI6IjExNjIiLCJwYXNzY29kZSI6ImUzODlhMzRhOTc0MTkzNTA5MDRmMzcxNjE0ZThmZDkyNzM2ZDZkNjUiLCJwYWNrYWdlX2lkIjoiMTE2MiIsImVtYWlsIjoiaGVscEBjYW5jZXJpbWFnaW5nYXJjaGl2ZS5uZXQifQ==,"{""source_row_id"":""pathology-package-file:760d798a28e3782fb270c432"",""source_table"":""pathology_package_files""}","{""source_artifact"":""pathology_metadata"",""source_view"":""agent_pathology_file_objects""}",{},open,Aspera package,https://faspex.cancerimagingarchive.net/?context=eyJyZXNvdXJjZSI6InBhY2thZ2VzIiwidHlwZSI6ImV4dGVybmFsX2Rvd25sb2FkX3BhY2thZ2UiLCJpZCI6IjEzMDYiLCJwYXNzY29kZSI6IjRlNTc0MWUxNzI3OTA1OTUwMmM1ZWRjOTZmN2EyNTAwNmRjNDJhOGUiLCJwYWNrYWdlX2lkIjoiMTMwNiIsImVtYWlsIjoiaGVscEBjYW5jZXJpbWFnaW5nYXJjaGl2ZS5uZXQifQ==
asset_4b29bf9314323b5ec6438e34,unavailable,MSB-05702-04-02.svs,MSB-05702-04-02.svs,CMB-AML/MSB-05702-04-02.svs,SVS,whole_slide_image,2D,static,pathology,SM,whole_slide_image,submitted_original,tcia_aspera,pathology-file-object:1beacbcc567f05cc3661b22b,https://faspex.cancerimagingarchive.net/aspera/faspex?context=eyJyZXNvdXJjZSI6InBhY2thZ2VzIiwidHlwZSI6ImV4dGVybmFsX2Rvd25sb2FkX3BhY2thZ2UiLCJpZCI6IjExNjIiLCJwYXNzY29kZSI6ImUzODlhMzRhOTc0MTkzNTA5MDRmMzcxNjE0ZThmZDkyNzM2ZDZkNjUiLCJwYWNrYWdlX2lkIjoiMTE2MiIsImVtYWlsIjoiaGVscEBjYW5jZXJpbWFnaW5nYXJjaGl2ZS5uZXQifQ==,"{""source_row_id"":""pathology-package-file:a0016cf096557ff3be5b2041"",""source_table"":""pathology_package_files""}","{""source_artifact"":""pathology_metadata"",""source_view"":""agent_pathology_file_objects""}",{},open,Aspera package,https://faspex.cancerimagingarchive.net/?context=eyJyZXNvdXJjZSI6InBhY2thZ2VzIiwidHlwZSI6ImV4dGVybmFsX2Rvd25sb2FkX3BhY2thZ2UiLCJpZCI6IjEzMDYiLCJwYXNzY29kZSI6IjRlNTc0MWUxNzI3OTA1OTUwMmM1ZWRjOTZmN2EyNTAwNmRjNDJhOGUiLCJwYWNrYWdlX2lkIjoiMTMwNiIsImVtYWlsIjoiaGVscEBjYW5jZXJpbWFnaW5nYXJjaGl2ZS5uZXQifQ==
asset_8a941cd9d171fbd4605f640d,unavailable,MSB-05702-05-02.svs,MSB-05702-05-02.svs,CMB-AML/MSB-05702-05-02.svs,SVS,whole_slide_image,2D,static,pathology,SM,whole_slide_image,submitted_original,tcia_aspera,pathology-file-object:8a2a21ba834da32da0036155,https://faspex.cancerimagingarchive.net/aspera/faspex?context=eyJyZXNvdXJjZSI6InBhY2thZ2VzIiwidHlwZSI6ImV4dGVybmFsX2Rvd25sb2FkX3BhY2thZ2UiLCJpZCI6IjExNjIiLCJwYXNzY29kZSI6ImUzODlhMzRhOTc0MTkzNTA5MDRmMzcxNjE0ZThmZDkyNzM2ZDZkNjUiLCJwYWNrYWdlX2lkIjoiMTE2MiIsImVtYWlsIjoiaGVscEBjYW5jZXJpbWFnaW5nYXJjaGl2ZS5uZXQifQ==,"{""source_row_id"":""pathology-package-file:6ccb7e3c5b064fafeed13de7"",""source_table"":""pathology_package_files""}","{""source_artifact"":""pathology_metadata"",""source_view"":""agent_pathology_file_objects""}",{},open,Aspera package,https://faspex.cancerimagingarchive.net/?context=eyJyZXNvdXJjZSI6InBhY2thZ2VzIiwidHlwZSI6ImV4dGVybmFsX2Rvd25sb2FkX3BhY2thZ2UiLCJpZCI6IjEzMDYiLCJwYXNzY29kZSI6IjRlNTc0MWUxNzI3OTA1OTUwMmM1ZWRjOTZmN2EyNTAwNmRjNDJhOGUiLCJwYWNrYWdlX2lkIjoiMTMwNiIsImVtYWlsIjoiaGVscEBjYW5jZXJpbWFnaW5nYXJjaGl2ZS5uZXQifQ==
asset_25aa4e56edf300d6f813d694,unavailable,MSB-05702-09-04.svs,MSB-05702-09-04.svs,CMB-AML/MSB-05702-09-04.svs,SVS,whole_slide_image,2D,static,pathology,SM,whole_slide_image,submitted_original,tcia_aspera,pathology-file-object:873f310f5e32fa365e440f44,https://faspex.cancerimagingarchive.net/aspera/faspex?context=eyJyZXNvdXJjZSI6InBhY2thZ2VzIiwidHlwZSI6ImV4dGVybmFsX2Rvd25sb2FkX3BhY2thZ2UiLCJpZCI6IjExNjIiLCJwYXNzY29kZSI6ImUzODlhMzRhOTc0MTkzNTA5MDRmMzcxNjE0ZThmZDkyNzM2ZDZkNjUiLCJwYWNrYWdlX2lkIjoiMTE2MiIsImVtYWlsIjoiaGVscEBjYW5jZXJpbWFnaW5nYXJjaGl2ZS5uZXQifQ==,"{""source_row_id"":""pathology-package-file:ac480b2f26ac68fbaef2d727"",""source_table"":""pathology_package_files""}","{""source_artifact"":""pathology_metadata"",""source_view"":""agent_pathology_file_objects""}",{},open,Aspera package,https://faspex.cancerimagingarchive.net/?context=eyJyZXNvdXJjZSI6InBhY2thZ2VzIiwidHlwZSI6ImV4dGVybmFsX2Rvd25sb2FkX3BhY2thZ2UiLCJpZCI6IjEzMDYiLCJwYXNzY29kZSI6IjRlNTc0MWUxNzI3OTA1OTUwMmM1ZWRjOTZmN2EyNTAwNmRjNDJhOGUiLCJwYWNrYWdlX2lkIjoiMTMwNiIsImVtYWlsIjoiaGVscEBjYW5jZXJpbWFnaW5nYXJjaGl2ZS5uZXQifQ==
asset_244076c2c65460a20e7f7437,unavailable,MSB-05702-11-08.svs,MSB-05702-11-08.svs,CMB-AML/MSB-05702-11-08.svs,SVS,whole_slide_image,2D,static,pathology,SM,whole_slide_image,submitted_original,tcia_aspera,pathology-file-object:8dd0b4a03b44df23ab925cd1,https://faspex.cancerimagingarchive.net/aspera/faspex?context=eyJyZXNvdXJjZSI6InBhY2thZ2VzIiwidHlwZSI6ImV4dGVybmFsX2Rvd25sb2FkX3BhY2thZ2UiLCJpZCI6IjExNjIiLCJwYXNzY29kZSI6ImUzODlhMzRhOTc0MTkzNTA5MDRmMzcxNjE0ZThmZDkyNzM2ZDZkNjUiLCJwYWNrYWdlX2lkIjoiMTE2MiIsImVtYWlsIjoiaGVscEBjYW5jZXJpbWFnaW5nYXJjaGl2ZS5uZXQifQ==,"{""source_row_id"":""pathology-package-file:1b71ed7b113d3b6e55917b96"",""source_table"":""pathology_package_files""}","{""source_artifact"":""pathology_metadata"",""source_view"":""agent_pathology_file_objects""}",{},open,Aspera package,https://faspex.cancerimagingarchive.net/?context=eyJyZXNvdXJjZSI6InBhY2thZ2VzIiwidHlwZSI6ImV4dGVybmFsX2Rvd25sb2FkX3BhY2thZ2UiLCJpZCI6IjEzMDYiLCJwYXNzY29kZSI6IjRlNTc0MWUxNzI3OTA1OTUwMmM1ZWRjOTZmN2EyNTAwNmRjNDJhOGUiLCJwYWNrYWdlX2lkIjoiMTMwNiIsImVtYWlsIjoiaGVscEBjYW5jZXJpbWFnaW5nYXJjaGl2ZS5uZXQifQ==
asset_94b811f41c850891db719c05,unavailable,MSB-05702-11-11.svs,MSB-05702-11-11.svs,CMB-AML/MSB-05702-11-11.svs,SVS,whole_slide_image,2D,static,pathology,SM,whole_slide_image,submitted_original,tcia_aspera,pathology-file-object:21bd3fce61a3804867c2f385,https://faspex.cancerimagingarchive.net/aspera/faspex?context=eyJyZXNvdXJjZSI6InBhY2thZ2VzIiwidHlwZSI6ImV4dGVybmFsX2Rvd25sb2FkX3BhY2thZ2UiLCJpZCI6IjExNjIiLCJwYXNzY29kZSI6ImUzODlhMzRhOTc0MTkzNTA5MDRmMzcxNjE0ZThmZDkyNzM2ZDZkNjUiLCJwYWNrYWdlX2lkIjoiMTE2MiIsImVtYWlsIjoiaGVscEBjYW5jZXJpbWFnaW5nYXJjaGl2ZS5uZXQifQ==,"{""source_row_id"":""pathology-package-file:3e4b45c69006b4c49bfa331e"",""source_table"":""pathology_package_files""}","{""source_artifact"":""pathology_metadata"",""source_view"":""agent_pathology_file_objects""}",{},open,Aspera package,https://faspex.cancerimagingarchive.net/?context=eyJyZXNvdXJjZSI6InBhY2thZ2VzIiwidHlwZSI6ImV4dGVybmFsX2Rvd25sb2FkX3BhY2thZ2UiLCJpZCI6IjEzMDYiLCJwYXNzY29kZSI6IjRlNTc0MWUxNzI3OTA1OTUwMmM1ZWRjOTZmN2EyNTAwNmRjNDJhOGUiLCJwYWNrYWdlX2lkIjoiMTMwNiIsImVtYWlsIjoiaGVscEBjYW5jZXJpbWFnaW5nYXJjaGl2ZS5uZXQifQ==
asset_9ac4fe608efaf0739ff8f499,unavailable,MSB-05702-11-12.svs,MSB-05702-11-12.svs,CMB-AML/MSB-05702-11-12.svs,SVS,whole_slide_image,2D,static,pathology,SM,whole_slide_image,submitted_original,tcia_aspera,pathology-file-object:7883f67b3465c7a5b9e9e80c,https://faspex.cancerimagingarchive.net/aspera/faspex?context=eyJyZXNvdXJjZSI6InBhY2thZ2VzIiwidHlwZSI6ImV4dGVybmFsX2Rvd25sb2FkX3BhY2thZ2UiLCJpZCI6IjExNjIiLCJwYXNzY29kZSI6ImUzODlhMzRhOTc0MTkzNTA5MDRmMzcxNjE0ZThmZDkyNzM2ZDZkNjUiLCJwYWNrYWdlX2lkIjoiMTE2MiIsImVtYWlsIjoiaGVscEBjYW5jZXJpbWFnaW5nYXJjaGl2ZS5uZXQifQ==,"{""source_row_id"":""pathology-package-file:5e7914715bba8d644bba220d"",""source_table"":""pathology_package_files""}","{""source_artifact"":""pathology_metadata"",""source_view"":""agent_pathology_file_objects""}",{},open,Aspera package,https://faspex.cancerimagingarchive.net/?context=eyJyZXNvdXJjZSI6InBhY2thZ2VzIiwidHlwZSI6ImV4dGVybmFsX2Rvd25sb2FkX3BhY2thZ2UiLCJpZCI6IjEzMDYiLCJwYXNzY29kZSI6IjRlNTc0MWUxNzI3OTA1OTUwMmM1ZWRjOTZmN2EyNTAwNmRjNDJhOGUiLCJwYWNrYWdlX2lkIjoiMTMwNiIsImVtYWlsIjoiaGVscEBjYW5jZXJpbWFnaW5nYXJjaGl2ZS5uZXQifQ==
asset_562435e9f8dbb08902ffc169,unavailable,MSB-05702-12-02.svs,MSB-05702-12-02.svs,CMB-AML/MSB-05702-12-02.svs,SVS,whole_slide_image,2D,static,pathology,SM,whole_slide_image,submitted_original,tcia_aspera,pathology-file-object:f3660437d57e9a55feb39f4a,https://faspex.cancerimagingarchive.net/aspera/faspex?context=eyJyZXNvdXJjZSI6InBhY2thZ2VzIiwidHlwZSI6ImV4dGVybmFsX2Rvd25sb2FkX3BhY2thZ2UiLCJpZCI6IjExNjIiLCJwYXNzY29kZSI6ImUzODlhMzRhOTc0MTkzNTA5MDRmMzcxNjE0ZThmZDkyNzM2ZDZkNjUiLCJwYWNrYWdlX2lkIjoiMTE2MiIsImVtYWlsIjoiaGVscEBjYW5jZXJpbWFnaW5nYXJjaGl2ZS5uZXQifQ==,"{""source_row_id"":""pathology-package-file:1e376b6c5295894be5ba8486"",""source_table"":""pathology_package_files""}","{""source_artifact"":""pathology_metadata"",""source_view"":""agent_pathology_file_objects""}",{},open,Aspera package,https://faspex.cancerimagingarchive.net/?context=eyJyZXNvdXJjZSI6InBhY2thZ2VzIiwidHlwZSI6ImV4dGVybmFsX2Rvd25sb2FkX3BhY2thZ2UiLCJpZCI6IjEzMDYiLCJwYXNzY29kZSI6IjRlNTc0MWUxNzI3OTA1OTUwMmM1ZWRjOTZmN2EyNTAwNmRjNDJhOGUiLCJwYWNrYWdlX2lkIjoiMTMwNiIsImVtYWlsIjoiaGVscEBjYW5jZXJpbWFnaW5nYXJjaGl2ZS5uZXQifQ==
asset_0a4cba5b5a1498dadbd831be,unavailable,MSB-06711-04-02.svs,MSB-06711-04-02.svs,CMB-AML/MSB-06711-04-02.svs,SVS,whole_slide_image,2D,static,pathology,SM,whole_slide_image,submitted_original,tcia_aspera,pathology-file-object:856d81085509ec15692ccfe1,https://faspex.cancerimagingarchive.net/aspera/faspex?context=eyJyZXNvdXJjZSI6InBhY2thZ2VzIiwidHlwZSI6ImV4dGVybmFsX2Rvd25sb2FkX3BhY2thZ2UiLCJpZCI6IjExNjIiLCJwYXNzY29kZSI6ImUzODlhMzRhOTc0MTkzNTA5MDRmMzcxNjE0ZThmZDkyNzM2ZDZkNjUiLCJwYWNrYWdlX2lkIjoiMTE2MiIsImVtYWlsIjoiaGVscEBjYW5jZXJpbWFnaW5nYXJjaGl2ZS5uZXQifQ==,"{""source_row_id"":""pathology-package-file:5b1533bf66d6e8265f62cd77"",""source_table"":""pathology_package_files""}","{""source_artifact"":""pathology_metadata"",""source_view"":""agent_pathology_file_objects""}",{},open,Aspera package,https://faspex.cancerimagingarchive.net/?context=eyJyZXNvdXJjZSI6InBhY2thZ2VzIiwidHlwZSI6ImV4dGVybmFsX2Rvd25sb2FkX3BhY2thZ2UiLCJpZCI6IjEzMDYiLCJwYXNzY29kZSI6IjRlNTc0MWUxNzI3OTA1OTUwMmM1ZWRjOTZmN2EyNTAwNmRjNDJhOGUiLCJwYWNrYWdlX2lkIjoiMTMwNiIsImVtYWlsIjoiaGVscEBjYW5jZXJpbWFnaW5nYXJjaGl2ZS5uZXQifQ==
asset_db38fc2015927a8dc5119f8a,unavailable,MSB-06711-08-02.svs,MSB-06711-08-02.svs,CMB-AML/MSB-06711-08-02.svs,SVS,whole_slide_image,2D,static,pathology,SM,whole_slide_image,submitted_original,tcia_aspera,pathology-file-object:4932205f0008b48887eb14fe,https://faspex.cancerimagingarchive.net/aspera/faspex?context=eyJyZXNvdXJjZSI6InBhY2thZ2VzIiwidHlwZSI6ImV4dGVybmFsX2Rvd25sb2FkX3BhY2thZ2UiLCJpZCI6IjExNjIiLCJwYXNzY29kZSI6ImUzODlhMzRhOTc0MTkzNTA5MDRmMzcxNjE0ZThmZDkyNzM2ZDZkNjUiLCJwYWNrYWdlX2lkIjoiMTE2MiIsImVtYWlsIjoiaGVscEBjYW5jZXJpbWFnaW5nYXJjaGl2ZS5uZXQifQ==,"{""source_row_id"":""pathology-package-file:d40e10e26e536111a04e77cf"",""source_table"":""pathology_package_files""}","{""source_artifact"":""pathology_metadata"",""source_view"":""agent_pathology_file_objects""}",{},open,Aspera package,https://faspex.cancerimagingarchive.net/?context=eyJyZXNvdXJjZSI6InBhY2thZ2VzIiwidHlwZSI6ImV4dGVybmFsX2Rvd25sb2FkX3BhY2thZ2UiLCJpZCI6IjEzMDYiLCJwYXNzY29kZSI6IjRlNTc0MWUxNzI3OTA1OTUwMmM1ZWRjOTZmN2EyNTAwNmRjNDJhOGUiLCJwYWNrYWdlX2lkIjoiMTMwNiIsImVtYWlsIjoiaGVscEBjYW5jZXJpbWFnaW5nYXJjaGl2ZS5uZXQifQ==
asset_65cfbc9ce13b12855674c351,unavailable,MSB-06711-12-02.svs,MSB-06711-12-02.svs,CMB-AML/MSB-06711-12-02.svs,SVS,whole_slide_image,2D,static,pathology,SM,whole_slide_image,submitted_original,tcia_aspera,pathology-file-object:e31585db68d6d24f6101799f,https://faspex.cancerimagingarchive.net/aspera/faspex?context=eyJyZXNvdXJjZSI6InBhY2thZ2VzIiwidHlwZSI6ImV4dGVybmFsX2Rvd25sb2FkX3BhY2thZ2UiLCJpZCI6IjExNjIiLCJwYXNzY29kZSI6ImUzODlhMzRhOTc0MTkzNTA5MDRmMzcxNjE0ZThmZDkyNzM2ZDZkNjUiLCJwYWNrYWdlX2lkIjoiMTE2MiIsImVtYWlsIjoiaGVscEBjYW5jZXJpbWFnaW5nYXJjaGl2ZS5uZXQifQ==,"{""source_row_id"":""pathology-package-file:7aaef5e8bb290814714f83ee"",""source_table"":""pathology_package_files""}","{""source_artifact"":""pathology_metadata"",""source_view"":""agent_pathology_file_objects""}",{},open,Aspera package,https://faspex.cancerimagingarchive.net/?context=eyJyZXNvdXJjZSI6InBhY2thZ2VzIiwidHlwZSI6ImV4dGVybmFsX2Rvd25sb2FkX3BhY2thZ2UiLCJpZCI6IjEzMDYiLCJwYXNzY29kZSI6IjRlNTc0MWUxNzI3OTA1OTUwMmM1ZWRjOTZmN2EyNTAwNmRjNDJhOGUiLCJwYWNrYWdlX2lkIjoiMTMwNiIsImVtYWlsIjoiaGVscEBjYW5jZXJpbWFnaW5nYXJjaGl2ZS5uZXQifQ==
asset_4c7b54bd11ce862a11e58ec4,unavailable,MSB-06924-04-02.svs,MSB-06924-04-02.svs,CMB-AML/MSB-06924-04-02.svs,SVS,whole_slide_image,2D,static,pathology,SM,whole_slide_image,submitted_original,tcia_aspera,pathology-file-object:62fb9c848cb5099ca188ce8b,https://faspex.cancerimagingarchive.net/aspera/faspex?context=eyJyZXNvdXJjZSI6InBhY2thZ2VzIiwidHlwZSI6ImV4dGVybmFsX2Rvd25sb2FkX3BhY2thZ2UiLCJpZCI6IjExNjIiLCJwYXNzY29kZSI6ImUzODlhMzRhOTc0MTkzNTA5MDRmMzcxNjE0ZThmZDkyNzM2ZDZkNjUiLCJwYWNrYWdlX2lkIjoiMTE2MiIsImVtYWlsIjoiaGVscEBjYW5jZXJpbWFnaW5nYXJjaGl2ZS5uZXQifQ==,"{""source_row_id"":""pathology-package-file:bc417e721199d8c8a5853e80"",""source_table"":""pathology_package_files""}","{""source_artifact"":""pathology_metadata"",""source_view"":""agent_pathology_file_objects""}",{},open,Aspera package,https://faspex.cancerimagingarchive.net/?context=eyJyZXNvdXJjZSI6InBhY2thZ2VzIiwidHlwZSI6ImV4dGVybmFsX2Rvd25sb2FkX3BhY2thZ2UiLCJpZCI6IjEzMDYiLCJwYXNzY29kZSI6IjRlNTc0MWUxNzI3OTA1OTUwMmM1ZWRjOTZmN2EyNTAwNmRjNDJhOGUiLCJwYWNrYWdlX2lkIjoiMTMwNiIsImVtYWlsIjoiaGVscEBjYW5jZXJpbWFnaW5nYXJjaGl2ZS5uZXQifQ==
asset_76ea080b535032d22654f0b1,unavailable,MSB-07195-03-20.svs,MSB-07195-03-20.svs,CMB-AML/MSB-07195-03-20.svs,SVS,whole_slide_image,2D,static,pathology,SM,whole_slide_image,submitted_original,tcia_aspera,pathology-file-object:15187546a89aaf5edb62eaaf,https://faspex.cancerimagingarchive.net/aspera/faspex?context=eyJyZXNvdXJjZSI6InBhY2thZ2VzIiwidHlwZSI6ImV4dGVybmFsX2Rvd25sb2FkX3BhY2thZ2UiLCJpZCI6IjExNjIiLCJwYXNzY29kZSI6ImUzODlhMzRhOTc0MTkzNTA5MDRmMzcxNjE0ZThmZDkyNzM2ZDZkNjUiLCJwYWNrYWdlX2lkIjoiMTE2MiIsImVtYWlsIjoiaGVscEBjYW5jZXJpbWFnaW5nYXJjaGl2ZS5uZXQifQ==,"{""source_row_id"":""pathology-package-file:e88ab92c35d71d4a270d20dd"",""source_table"":""pathology_package_files""}","{""source_artifact"":""pathology_metadata"",""source_view"":""agent_pathology_file_objects""}",{},open,Aspera package,https://faspex.cancerimagingarchive.net/?context=eyJyZXNvdXJjZSI6InBhY2thZ2VzIiwidHlwZSI6ImV4dGVybmFsX2Rvd25sb2FkX3BhY2thZ2UiLCJpZCI6IjEzMDYiLCJwYXNzY29kZSI6IjRlNTc0MWUxNzI3OTA1OTUwMmM1ZWRjOTZmN2EyNTAwNmRjNDJhOGUiLCJwYWNrYWdlX2lkIjoiMTMwNiIsImVtYWlsIjoiaGVscEBjYW5jZXJpbWFnaW5nYXJjaGl2ZS5uZXQifQ==
asset_832a05211c2bbbcdf6bdaebb,unavailable,MSB-07656-01-03.svs,MSB-07656-01-03.svs,CMB-AML/MSB-07656-01-03.svs,SVS,whole_slide_image,2D,static,pathology,SM,whole_slide_image,submitted_original,tcia_aspera,pathology-file-object:d461222f1becbf49388322c5,https://faspex.cancerimagingarchive.net/aspera/faspex?context=eyJyZXNvdXJjZSI6InBhY2thZ2VzIiwidHlwZSI6ImV4dGVybmFsX2Rvd25sb2FkX3BhY2thZ2UiLCJpZCI6IjExNjIiLCJwYXNzY29kZSI6ImUzODlhMzRhOTc0MTkzNTA5MDRmMzcxNjE0ZThmZDkyNzM2ZDZkNjUiLCJwYWNrYWdlX2lkIjoiMTE2MiIsImVtYWlsIjoiaGVscEBjYW5jZXJpbWFnaW5nYXJjaGl2ZS5uZXQifQ==,"{""source_row_id"":""pathology-package-file:f4e9211d6d8dedadccfd5734"",""source_table"":""pathology_package_files""}","{""source_artifact"":""pathology_metadata"",""source_view"":""agent_pathology_file_objects""}",{},open,Aspera package,https://faspex.cancerimagingarchive.net/?context=eyJyZXNvdXJjZSI6InBhY2thZ2VzIiwidHlwZSI6ImV4dGVybmFsX2Rvd25sb2FkX3BhY2thZ2UiLCJpZCI6IjEzMDYiLCJwYXNzY29kZSI6IjRlNTc0MWUxNzI3OTA1OTUwMmM1ZWRjOTZmN2EyNTAwNmRjNDJhOGUiLCJwYWNrYWdlX2lkIjoiMTMwNiIsImVtYWlsIjoiaGVscEBjYW5jZXJpbWFnaW5nYXJjaGl2ZS5uZXQifQ==
asset_7a5ca82ccaff120ce95a3d04,unavailable,MSB-07656-02-06.svs,MSB-07656-02-06.svs,CMB-AML/MSB-07656-02-06.svs,SVS,whole_slide_image,2D,static,pathology,SM,whole_slide_image,submitted_original,tcia_aspera,pathology-file-object:8054ae94eb929fcb68dd7a59,https://faspex.cancerimagingarchive.net/aspera/faspex?context=eyJyZXNvdXJjZSI6InBhY2thZ2VzIiwidHlwZSI6ImV4dGVybmFsX2Rvd25sb2FkX3BhY2thZ2UiLCJpZCI6IjExNjIiLCJwYXNzY29kZSI6ImUzODlhMzRhOTc0MTkzNTA5MDRmMzcxNjE0ZThmZDkyNzM2ZDZkNjUiLCJwYWNrYWdlX2lkIjoiMTE2MiIsImVtYWlsIjoiaGVscEBjYW5jZXJpbWFnaW5nYXJjaGl2ZS5uZXQifQ==,"{""source_row_id"":""pathology-package-file:284a40013fea4c5dfd915d38"",""source_table"":""pathology_package_files""}","{""source_artifact"":""pathology_metadata"",""source_view"":""agent_pathology_file_objects""}",{},open,Aspera package,https://faspex.cancerimagingarchive.net/?context=eyJyZXNvdXJjZSI6InBhY2thZ2VzIiwidHlwZSI6ImV4dGVybmFsX2Rvd25sb2FkX3BhY2thZ2UiLCJpZCI6IjEzMDYiLCJwYXNzY29kZSI6IjRlNTc0MWUxNzI3OTA1OTUwMmM1ZWRjOTZmN2EyNTAwNmRjNDJhOGUiLCJwYWNrYWdlX2lkIjoiMTMwNiIsImVtYWlsIjoiaGVscEBjYW5jZXJpbWFnaW5nYXJjaGl2ZS5uZXQifQ==
asset_bbccb2c0fcc0c270b7a8b8f1,unavailable,MSB-07656-04-02.svs,MSB-07656-04-02.svs,CMB-AML/MSB-07656-04-02.svs,SVS,whole_slide_image,2D,static,pathology,SM,whole_slide_image,submitted_original,tcia_aspera,pathology-file-object:d2daf04fcdde2eebf4c76676,https://faspex.cancerimagingarchive.net/aspera/faspex?context=eyJyZXNvdXJjZSI6InBhY2thZ2VzIiwidHlwZSI6ImV4dGVybmFsX2Rvd25sb2FkX3BhY2thZ2UiLCJpZCI6IjExNjIiLCJwYXNzY29kZSI6ImUzODlhMzRhOTc0MTkzNTA5MDRmMzcxNjE0ZThmZDkyNzM2ZDZkNjUiLCJwYWNrYWdlX2lkIjoiMTE2MiIsImVtYWlsIjoiaGVscEBjYW5jZXJpbWFnaW5nYXJjaGl2ZS5uZXQifQ==,"{""source_row_id"":""pathology-package-file:551f31127b3d7de7f888eaf7"",""source_table"":""pathology_package_files""}","{""source_artifact"":""pathology_metadata"",""source_view"":""agent_pathology_file_objects""}",{},open,Aspera package,https://faspex.cancerimagingarchive.net/?context=eyJyZXNvdXJjZSI6InBhY2thZ2VzIiwidHlwZSI6ImV4dGVybmFsX2Rvd25sb2FkX3BhY2thZ2UiLCJpZCI6IjEzMDYiLCJwYXNzY29kZSI6IjRlNTc0MWUxNzI3OTA1OTUwMmM1ZWRjOTZmN2EyNTAwNmRjNDJhOGUiLCJwYWNrYWdlX2lkIjoiMTMwNiIsImVtYWlsIjoiaGVscEBjYW5jZXJpbWFnaW5nYXJjaGl2ZS5uZXQifQ==
asset_b2b32252857df337dbe33b10,unavailable,MSB-07656-05-03.svs,MSB-07656-05-03.svs,CMB-AML/MSB-07656-05-03.svs,SVS,whole_slide_image,2D,static,pathology,SM,whole_slide_image,submitted_original,tcia_aspera,pathology-file-object:bd3251537bc34509fbbff141,https://faspex.cancerimagingarchive.net/aspera/faspex?context=eyJyZXNvdXJjZSI6InBhY2thZ2VzIiwidHlwZSI6ImV4dGVybmFsX2Rvd25sb2FkX3BhY2thZ2UiLCJpZCI6IjExNjIiLCJwYXNzY29kZSI6ImUzODlhMzRhOTc0MTkzNTA5MDRmMzcxNjE0ZThmZDkyNzM2ZDZkNjUiLCJwYWNrYWdlX2lkIjoiMTE2MiIsImVtYWlsIjoiaGVscEBjYW5jZXJpbWFnaW5nYXJjaGl2ZS5uZXQifQ==,"{""source_row_id"":""pathology-package-file:fc91c7840ac42d72885df656"",""source_table"":""pathology_package_files""}","{""source_artifact"":""pathology_metadata"",""source_view"":""agent_pathology_file_objects""}",{},open,Aspera package,https://faspex.cancerimagingarchive.net/?context=eyJyZXNvdXJjZSI6InBhY2thZ2VzIiwidHlwZSI6ImV4dGVybmFsX2Rvd25sb2FkX3BhY2thZ2UiLCJpZCI6IjEzMDYiLCJwYXNzY29kZSI6IjRlNTc0MWUxNzI3OTA1OTUwMmM1ZWRjOTZmN2EyNTAwNmRjNDJhOGUiLCJwYWNrYWdlX2lkIjoiMTMwNiIsImVtYWlsIjoiaGVscEBjYW5jZXJpbWFnaW5nYXJjaGl2ZS5uZXQifQ==
asset_1713e7b9fb530e6d99f52fc5,unavailable,MSB-07656-07-04.svs,MSB-07656-07-04.svs,CMB-AML/MSB-07656-07-04.svs,SVS,whole_slide_image,2D,static,pathology,SM,whole_slide_image,submitted_original,tcia_aspera,pathology-file-object:7a63cfa71d2bd9f632b03c52,https://faspex.cancerimagingarchive.net/aspera/faspex?context=eyJyZXNvdXJjZSI6InBhY2thZ2VzIiwidHlwZSI6ImV4dGVybmFsX2Rvd25sb2FkX3BhY2thZ2UiLCJpZCI6IjExNjIiLCJwYXNzY29kZSI6ImUzODlhMzRhOTc0MTkzNTA5MDRmMzcxNjE0ZThmZDkyNzM2ZDZkNjUiLCJwYWNrYWdlX2lkIjoiMTE2MiIsImVtYWlsIjoiaGVscEBjYW5jZXJpbWFnaW5nYXJjaGl2ZS5uZXQifQ==,"{""source_row_id"":""pathology-package-file:2ba40f27ae5ccac7e3874fba"",""source_table"":""pathology_package_files""}","{""source_artifact"":""pathology_metadata"",""source_view"":""agent_pathology_file_objects""}",{},open,Aspera package,https://faspex.cancerimagingarchive.net/?context=eyJyZXNvdXJjZSI6InBhY2thZ2VzIiwidHlwZSI6ImV4dGVybmFsX2Rvd25sb2FkX3BhY2thZ2UiLCJpZCI6IjEzMDYiLCJwYXNzY29kZSI6IjRlNTc0MWUxNzI3OTA1OTUwMmM1ZWRjOTZmN2EyNTAwNmRjNDJhOGUiLCJwYWNrYWdlX2lkIjoiMTMwNiIsImVtYWlsIjoiaGVscEBjYW5jZXJpbWFnaW5nYXJjaGl2ZS5uZXQifQ==
asset_f51fc2faed7b7d95c8d9e245,unavailable,MSB-07656-08-02.svs,MSB-07656-08-02.svs,CMB-AML/MSB-07656-08-02.svs,SVS,whole_slide_image,2D,static,pathology,SM,whole_slide_image,submitted_original,tcia_aspera,pathology-file-object:94d3f059a1ae9e73aeccdefd,https://faspex.cancerimagingarchive.net/aspera/faspex?context=eyJyZXNvdXJjZSI6InBhY2thZ2VzIiwidHlwZSI6ImV4dGVybmFsX2Rvd25sb2FkX3BhY2thZ2UiLCJpZCI6IjExNjIiLCJwYXNzY29kZSI6ImUzODlhMzRhOTc0MTkzNTA5MDRmMzcxNjE0ZThmZDkyNzM2ZDZkNjUiLCJwYWNrYWdlX2lkIjoiMTE2MiIsImVtYWlsIjoiaGVscEBjYW5jZXJpbWFnaW5nYXJjaGl2ZS5uZXQifQ==,"{""source_row_id"":""pathology-package-file:a067d7c8364ff93e45c35e98"",""source_table"":""pathology_package_files""}","{""source_artifact"":""pathology_metadata"",""source_view"":""agent_pathology_file_objects""}",{},open,Aspera package,https://faspex.cancerimagingarchive.net/?context=eyJyZXNvdXJjZSI6InBhY2thZ2VzIiwidHlwZSI6ImV4dGVybmFsX2Rvd25sb2FkX3BhY2thZ2UiLCJpZCI6IjEzMDYiLCJwYXNzY29kZSI6IjRlNTc0MWUxNzI3OTA1OTUwMmM1ZWRjOTZmN2EyNTAwNmRjNDJhOGUiLCJwYWNrYWdlX2lkIjoiMTMwNiIsImVtYWlsIjoiaGVscEBjYW5jZXJpbWFnaW5nYXJjaGl2ZS5uZXQifQ==
asset_cd0298d8c2ee0c8595085b63,unavailable,MSB-07656-09-03.svs,MSB-07656-09-03.svs,CMB-AML/MSB-07656-09-03.svs,SVS,whole_slide_image,2D,static,pathology,SM,whole_slide_image,submitted_original,tcia_aspera,pathology-file-object:d565eb8dbcd9e4c5f1dd2b72,https://faspex.cancerimagingarchive.net/aspera/faspex?context=eyJyZXNvdXJjZSI6InBhY2thZ2VzIiwidHlwZSI6ImV4dGVybmFsX2Rvd25sb2FkX3BhY2thZ2UiLCJpZCI6IjExNjIiLCJwYXNzY29kZSI6ImUzODlhMzRhOTc0MTkzNTA5MDRmMzcxNjE0ZThmZDkyNzM2ZDZkNjUiLCJwYWNrYWdlX2lkIjoiMTE2MiIsImVtYWlsIjoiaGVscEBjYW5jZXJpbWFnaW5nYXJjaGl2ZS5uZXQifQ==,"{""source_row_id"":""pathology-package-file:1529c7acadf193984a496909"",""source_table"":""pathology_package_files""}","{""source_artifact"":""pathology_metadata"",""source_view"":""agent_pathology_file_objects""}",{},open,Aspera package,https://faspex.cancerimagingarchive.net/?context=eyJyZXNvdXJjZSI6InBhY2thZ2VzIiwidHlwZSI6ImV4dGVybmFsX2Rvd25sb2FkX3BhY2thZ2UiLCJpZCI6IjEzMDYiLCJwYXNzY29kZSI6IjRlNTc0MWUxNzI3OTA1OTUwMmM1ZWRjOTZmN2EyNTAwNmRjNDJhOGUiLCJwYWNrYWdlX2lkIjoiMTMwNiIsImVtYWlsIjoiaGVscEBjYW5jZXJpbWFnaW5nYXJjaGl2ZS5uZXQifQ==
asset_88798e76698880b28ecfa900,unavailable,MSB-07656-11-06.svs,MSB-07656-11-06.svs,CMB-AML/MSB-07656-11-06.svs,SVS,whole_slide_image,2D,static,pathology,SM,whole_slide_image,submitted_original,tcia_aspera,pathology-file-object:5e52241fff1389fcd8d6faa5,https://faspex.cancerimagingarchive.net/aspera/faspex?context=eyJyZXNvdXJjZSI6InBhY2thZ2VzIiwidHlwZSI6ImV4dGVybmFsX2Rvd25sb2FkX3BhY2thZ2UiLCJpZCI6IjExNjIiLCJwYXNzY29kZSI6ImUzODlhMzRhOTc0MTkzNTA5MDRmMzcxNjE0ZThmZDkyNzM2ZDZkNjUiLCJwYWNrYWdlX2lkIjoiMTE2MiIsImVtYWlsIjoiaGVscEBjYW5jZXJpbWFnaW5nYXJjaGl2ZS5uZXQifQ==,"{""source_row_id"":""pathology-package-file:7835972fc039571da62c959f"",""source_table"":""pathology_package_files""}","{""source_artifact"":""pathology_metadata"",""source_view"":""agent_pathology_file_objects""}",{},open,Aspera package,https://faspex.cancerimagingarchive.net/?context=eyJyZXNvdXJjZSI6InBhY2thZ2VzIiwidHlwZSI6ImV4dGVybmFsX2Rvd25sb2FkX3BhY2thZ2UiLCJpZCI6IjEzMDYiLCJwYXNzY29kZSI6IjRlNTc0MWUxNzI3OTA1OTUwMmM1ZWRjOTZmN2EyNTAwNmRjNDJhOGUiLCJwYWNrYWdlX2lkIjoiMTMwNiIsImVtYWlsIjoiaGVscEBjYW5jZXJpbWFnaW5nYXJjaGl2ZS5uZXQifQ==
asset_8263a2a4b56cc72e254bea67,unavailable,MSB-07656-12-02.svs,MSB-07656-12-02.svs,CMB-AML/MSB-07656-12-02.svs,SVS,whole_slide_image,2D,static,pathology,SM,whole_slide_image,submitted_original,tcia_aspera,pathology-file-object:a8b35076b51aab4799ff9972,https://faspex.cancerimagingarchive.net/aspera/faspex?context=eyJyZXNvdXJjZSI6InBhY2thZ2VzIiwidHlwZSI6ImV4dGVybmFsX2Rvd25sb2FkX3BhY2thZ2UiLCJpZCI6IjExNjIiLCJwYXNzY29kZSI6ImUzODlhMzRhOTc0MTkzNTA5MDRmMzcxNjE0ZThmZDkyNzM2ZDZkNjUiLCJwYWNrYWdlX2lkIjoiMTE2MiIsImVtYWlsIjoiaGVscEBjYW5jZXJpbWFnaW5nYXJjaGl2ZS5uZXQifQ==,"{""source_row_id"":""pathology-package-file:712ec94552d7b674eecee755"",""source_table"":""pathology_package_files""}","{""source_artifact"":""pathology_metadata"",""source_view"":""agent_pathology_file_objects""}",{},open,Aspera package,https://faspex.cancerimagingarchive.net/?context=eyJyZXNvdXJjZSI6InBhY2thZ2VzIiwidHlwZSI6ImV4dGVybmFsX2Rvd25sb2FkX3BhY2thZ2UiLCJpZCI6IjEzMDYiLCJwYXNzY29kZSI6IjRlNTc0MWUxNzI3OTA1OTUwMmM1ZWRjOTZmN2EyNTAwNmRjNDJhOGUiLCJwYWNrYWdlX2lkIjoiMTMwNiIsImVtYWlsIjoiaGVscEBjYW5jZXJpbWFnaW5nYXJjaGl2ZS5uZXQifQ==
asset_fc5feda448f0fa6781d44d20,unavailable,MSB-07656-13-02.svs,MSB-07656-13-02.svs,CMB-AML/MSB-07656-13-02.svs,SVS,whole_slide_image,2D,static,pathology,SM,whole_slide_image,submitted_original,tcia_aspera,pathology-file-object:b66f17321ae3b32020fb6d6d,https://faspex.cancerimagingarchive.net/aspera/faspex?context=eyJyZXNvdXJjZSI6InBhY2thZ2VzIiwidHlwZSI6ImV4dGVybmFsX2Rvd25sb2FkX3BhY2thZ2UiLCJpZCI6IjExNjIiLCJwYXNzY29kZSI6ImUzODlhMzRhOTc0MTkzNTA5MDRmMzcxNjE0ZThmZDkyNzM2ZDZkNjUiLCJwYWNrYWdlX2lkIjoiMTE2MiIsImVtYWlsIjoiaGVscEBjYW5jZXJpbWFnaW5nYXJjaGl2ZS5uZXQifQ==,"{""source_row_id"":""pathology-package-file:57b764f77265026370be1b88"",""source_table"":""pathology_package_files""}","{""source_artifact"":""pathology_metadata"",""source_view"":""agent_pathology_file_objects""}",{},open,Aspera package,https://faspex.cancerimagingarchive.net/?context=eyJyZXNvdXJjZSI6InBhY2thZ2VzIiwidHlwZSI6ImV4dGVybmFsX2Rvd25sb2FkX3BhY2thZ2UiLCJpZCI6IjEzMDYiLCJwYXNzY29kZSI6IjRlNTc0MWUxNzI3OTA1OTUwMmM1ZWRjOTZmN2EyNTAwNmRjNDJhOGUiLCJwYWNrYWdlX2lkIjoiMTMwNiIsImVtYWlsIjoiaGVscEBjYW5jZXJpbWFnaW5nYXJjaGl2ZS5uZXQifQ==
asset_651219d727756c1e2294b1eb,unavailable,MSB-07656-14-03.svs,MSB-07656-14-03.svs,CMB-AML/MSB-07656-14-03.svs,SVS,whole_slide_image,2D,static,pathology,SM,whole_slide_image,submitted_original,tcia_aspera,pathology-file-object:8979cfa597b1666f170d2234,https://faspex.cancerimagingarchive.net/aspera/faspex?context=eyJyZXNvdXJjZSI6InBhY2thZ2VzIiwidHlwZSI6ImV4dGVybmFsX2Rvd25sb2FkX3BhY2thZ2UiLCJpZCI6IjExNjIiLCJwYXNzY29kZSI6ImUzODlhMzRhOTc0MTkzNTA5MDRmMzcxNjE0ZThmZDkyNzM2ZDZkNjUiLCJwYWNrYWdlX2lkIjoiMTE2MiIsImVtYWlsIjoiaGVscEBjYW5jZXJpbWFnaW5nYXJjaGl2ZS5uZXQifQ==,"{""source_row_id"":""pathology-package-file:87b4ae84fc0606ed6f947b2c"",""source_table"":""pathology_package_files""}","{""source_artifact"":""pathology_metadata"",""source_view"":""agent_pathology_file_objects""}",{},open,Aspera package,https://faspex.cancerimagingarchive.net/?context=eyJyZXNvdXJjZSI6InBhY2thZ2VzIiwidHlwZSI6ImV4dGVybmFsX2Rvd25sb2FkX3BhY2thZ2UiLCJpZCI6IjEzMDYiLCJwYXNzY29kZSI6IjRlNTc0MWUxNzI3OTA1OTUwMmM1ZWRjOTZmN2EyNTAwNmRjNDJhOGUiLCJwYWNrYWdlX2lkIjoiMTMwNiIsImVtYWlsIjoiaGVscEBjYW5jZXJpbWFnaW5nYXJjaGl2ZS5uZXQifQ==
asset_cd42e5bd220836c2156f227a,unavailable,MSB-07839-01-02.svs,MSB-07839-01-02.svs,CMB-AML/MSB-07839-01-02.svs,SVS,whole_slide_image,2D,static,pathology,SM,whole_slide_image,submitted_original,tcia_aspera,pathology-file-object:0ba195f4e3401644885c4a6b,https://faspex.cancerimagingarchive.net/aspera/faspex?context=eyJyZXNvdXJjZSI6InBhY2thZ2VzIiwidHlwZSI6ImV4dGVybmFsX2Rvd25sb2FkX3BhY2thZ2UiLCJpZCI6IjExNjIiLCJwYXNzY29kZSI6ImUzODlhMzRhOTc0MTkzNTA5MDRmMzcxNjE0ZThmZDkyNzM2ZDZkNjUiLCJwYWNrYWdlX2lkIjoiMTE2MiIsImVtYWlsIjoiaGVscEBjYW5jZXJpbWFnaW5nYXJjaGl2ZS5uZXQifQ==,"{""source_row_id"":""pathology-package-file:e4f4f447135ce363c9387b4c"",""source_table"":""pathology_package_files""}","{""source_artifact"":""pathology_metadata"",""source_view"":""agent_pathology_file_objects""}",{},open,Aspera package,https://faspex.cancerimagingarchive.net/?context=eyJyZXNvdXJjZSI6InBhY2thZ2VzIiwidHlwZSI6ImV4dGVybmFsX2Rvd25sb2FkX3BhY2thZ2UiLCJpZCI6IjEzMDYiLCJwYXNzY29kZSI6IjRlNTc0MWUxNzI3OTA1OTUwMmM1ZWRjOTZmN2EyNTAwNmRjNDJhOGUiLCJwYWNrYWdlX2lkIjoiMTMwNiIsImVtYWlsIjoiaGVscEBjYW5jZXJpbWFnaW5nYXJjaGl2ZS5uZXQifQ==
asset_c403e7175423234a10fa20a7,unavailable,MSB-07839-02-03.svs,MSB-07839-02-03.svs,CMB-AML/MSB-07839-02-03.svs,SVS,whole_slide_image,2D,static,pathology,SM,whole_slide_image,submitted_original,tcia_aspera,pathology-file-object:939e050918f3c746354f26c4,https://faspex.cancerimagingarchive.net/aspera/faspex?context=eyJyZXNvdXJjZSI6InBhY2thZ2VzIiwidHlwZSI6ImV4dGVybmFsX2Rvd25sb2FkX3BhY2thZ2UiLCJpZCI6IjExNjIiLCJwYXNzY29kZSI6ImUzODlhMzRhOTc0MTkzNTA5MDRmMzcxNjE0ZThmZDkyNzM2ZDZkNjUiLCJwYWNrYWdlX2lkIjoiMTE2MiIsImVtYWlsIjoiaGVscEBjYW5jZXJpbWFnaW5nYXJjaGl2ZS5uZXQifQ==,"{""source_row_id"":""pathology-package-file:30fa1a47759a3b9b5f4769e3"",""source_table"":""pathology_package_files""}","{""source_artifact"":""pathology_metadata"",""source_view"":""agent_pathology_file_objects""}",{},open,Aspera package,https://faspex.cancerimagingarchive.net/?context=eyJyZXNvdXJjZSI6InBhY2thZ2VzIiwidHlwZSI6ImV4dGVybmFsX2Rvd25sb2FkX3BhY2thZ2UiLCJpZCI6IjEzMDYiLCJwYXNzY29kZSI6IjRlNTc0MWUxNzI3OTA1OTUwMmM1ZWRjOTZmN2EyNTAwNmRjNDJhOGUiLCJwYWNrYWdlX2lkIjoiMTMwNiIsImVtYWlsIjoiaGVscEBjYW5jZXJpbWFnaW5nYXJjaGl2ZS5uZXQifQ==
asset_4ea6825bef9c7fe517514ae0,unavailable,MSB-07839-03-07.svs,MSB-07839-03-07.svs,CMB-AML/MSB-07839-03-07.svs,SVS,whole_slide_image,2D,static,pathology,SM,whole_slide_image,submitted_original,tcia_aspera,pathology-file-object:fb78ae4f9710861c1543a4a8,https://faspex.cancerimagingarchive.net/aspera/faspex?context=eyJyZXNvdXJjZSI6InBhY2thZ2VzIiwidHlwZSI6ImV4dGVybmFsX2Rvd25sb2FkX3BhY2thZ2UiLCJpZCI6IjExNjIiLCJwYXNzY29kZSI6ImUzODlhMzRhOTc0MTkzNTA5MDRmMzcxNjE0ZThmZDkyNzM2ZDZkNjUiLCJwYWNrYWdlX2lkIjoiMTE2MiIsImVtYWlsIjoiaGVscEBjYW5jZXJpbWFnaW5nYXJjaGl2ZS5uZXQifQ==,"{""source_row_id"":""pathology-package-file:c0ded14f8e4b91b7c5fa895a"",""source_table"":""pathology_package_files""}","{""source_artifact"":""pathology_metadata"",""source_view"":""agent_pathology_file_objects""}",{},open,Aspera package,https://faspex.cancerimagingarchive.net/?context=eyJyZXNvdXJjZSI6InBhY2thZ2VzIiwidHlwZSI6ImV4dGVybmFsX2Rvd25sb2FkX3BhY2thZ2UiLCJpZCI6IjEzMDYiLCJwYXNzY29kZSI6IjRlNTc0MWUxNzI3OTA1OTUwMmM1ZWRjOTZmN2EyNTAwNmRjNDJhOGUiLCJwYWNrYWdlX2lkIjoiMTMwNiIsImVtYWlsIjoiaGVscEBjYW5jZXJpbWFnaW5nYXJjaGl2ZS5uZXQifQ==
asset_c63fc68047cd5972432ca509,unavailable,MSB-07839-05-02.svs,MSB-07839-05-02.svs,CMB-AML/MSB-07839-05-02.svs,SVS,whole_slide_image,2D,static,pathology,SM,whole_slide_image,submitted_original,tcia_aspera,pathology-file-object:8bb9e31975a441d495e61fba,https://faspex.cancerimagingarchive.net/aspera/faspex?context=eyJyZXNvdXJjZSI6InBhY2thZ2VzIiwidHlwZSI6ImV4dGVybmFsX2Rvd25sb2FkX3BhY2thZ2UiLCJpZCI6IjExNjIiLCJwYXNzY29kZSI6ImUzODlhMzRhOTc0MTkzNTA5MDRmMzcxNjE0ZThmZDkyNzM2ZDZkNjUiLCJwYWNrYWdlX2lkIjoiMTE2MiIsImVtYWlsIjoiaGVscEBjYW5jZXJpbWFnaW5nYXJjaGl2ZS5uZXQifQ==,"{""source_row_id"":""pathology-package-file:1b63217b6bab479e066182e9"",""source_table"":""pathology_package_files""}","{""source_artifact"":""pathology_metadata"",""source_view"":""agent_pathology_file_objects""}",{},open,Aspera package,https://faspex.cancerimagingarchive.net/?context=eyJyZXNvdXJjZSI6InBhY2thZ2VzIiwidHlwZSI6ImV4dGVybmFsX2Rvd25sb2FkX3BhY2thZ2UiLCJpZCI6IjEzMDYiLCJwYXNzY29kZSI6IjRlNTc0MWUxNzI3OTA1OTUwMmM1ZWRjOTZmN2EyNTAwNmRjNDJhOGUiLCJwYWNrYWdlX2lkIjoiMTMwNiIsImVtYWlsIjoiaGVscEBjYW5jZXJpbWFnaW5nYXJjaGl2ZS5uZXQifQ==
asset_0cdf10842b4615cae0360816,unavailable,MSB-07839-06-03.svs,MSB-07839-06-03.svs,CMB-AML/MSB-07839-06-03.svs,SVS,whole_slide_image,2D,static,pathology,SM,whole_slide_image,submitted_original,tcia_aspera,pathology-file-object:b8eeeb47384f412155b498f7,https://faspex.cancerimagingarchive.net/aspera/faspex?context=eyJyZXNvdXJjZSI6InBhY2thZ2VzIiwidHlwZSI6ImV4dGVybmFsX2Rvd25sb2FkX3BhY2thZ2UiLCJpZCI6IjExNjIiLCJwYXNzY29kZSI6ImUzODlhMzRhOTc0MTkzNTA5MDRmMzcxNjE0ZThmZDkyNzM2ZDZkNjUiLCJwYWNrYWdlX2lkIjoiMTE2MiIsImVtYWlsIjoiaGVscEBjYW5jZXJpbWFnaW5nYXJjaGl2ZS5uZXQifQ==,"{""source_row_id"":""pathology-package-file:dcf136c9d19221732d6c718b"",""source_table"":""pathology_package_files""}","{""source_artifact"":""pathology_metadata"",""source_view"":""agent_pathology_file_objects""}",{},open,Aspera package,https://faspex.cancerimagingarchive.net/?context=eyJyZXNvdXJjZSI6InBhY2thZ2VzIiwidHlwZSI6ImV4dGVybmFsX2Rvd25sb2FkX3BhY2thZ2UiLCJpZCI6IjEzMDYiLCJwYXNzY29kZSI6IjRlNTc0MWUxNzI3OTA1OTUwMmM1ZWRjOTZmN2EyNTAwNmRjNDJhOGUiLCJwYWNrYWdlX2lkIjoiMTMwNiIsImVtYWlsIjoiaGVscEBjYW5jZXJpbWFnaW5nYXJjaGl2ZS5uZXQifQ==
asset_4002f8b8d7ebbdf991fc8344,unavailable,MSB-07839-08-04.svs,MSB-07839-08-04.svs,CMB-AML/MSB-07839-08-04.svs,SVS,whole_slide_image,2D,static,pathology,SM,whole_slide_image,submitted_original,tcia_aspera,pathology-file-object:12772dbfe9a1900285a56b79,https://faspex.cancerimagingarchive.net/aspera/faspex?context=eyJyZXNvdXJjZSI6InBhY2thZ2VzIiwidHlwZSI6ImV4dGVybmFsX2Rvd25sb2FkX3BhY2thZ2UiLCJpZCI6IjExNjIiLCJwYXNzY29kZSI6ImUzODlhMzRhOTc0MTkzNTA5MDRmMzcxNjE0ZThmZDkyNzM2ZDZkNjUiLCJwYWNrYWdlX2lkIjoiMTE2MiIsImVtYWlsIjoiaGVscEBjYW5jZXJpbWFnaW5nYXJjaGl2ZS5uZXQifQ==,"{""source_row_id"":""pathology-package-file:c9b9bc6f4e62711b07ab3451"",""source_table"":""pathology_package_files""}","{""source_artifact"":""pathology_metadata"",""source_view"":""agent_pathology_file_objects""}",{},open,Aspera package,https://faspex.cancerimagingarchive.net/?context=eyJyZXNvdXJjZSI6InBhY2thZ2VzIiwidHlwZSI6ImV4dGVybmFsX2Rvd25sb2FkX3BhY2thZ2UiLCJpZCI6IjEzMDYiLCJwYXNzY29kZSI6IjRlNTc0MWUxNzI3OTA1OTUwMmM1ZWRjOTZmN2EyNTAwNmRjNDJhOGUiLCJwYWNrYWdlX2lkIjoiMTMwNiIsImVtYWlsIjoiaGVscEBjYW5jZXJpbWFnaW5nYXJjaGl2ZS5uZXQifQ==
asset_116fe8cc935516096730e144,unavailable,MSB-07839-09-02.svs,MSB-07839-09-02.svs,CMB-AML/MSB-07839-09-02.svs,SVS,whole_slide_image,2D,static,pathology,SM,whole_slide_image,submitted_original,tcia_aspera,pathology-file-object:1ca7329eeb3d9d724f301b4c,https://faspex.cancerimagingarchive.net/aspera/faspex?context=eyJyZXNvdXJjZSI6InBhY2thZ2VzIiwidHlwZSI6ImV4dGVybmFsX2Rvd25sb2FkX3BhY2thZ2UiLCJpZCI6IjExNjIiLCJwYXNzY29kZSI6ImUzODlhMzRhOTc0MTkzNTA5MDRmMzcxNjE0ZThmZDkyNzM2ZDZkNjUiLCJwYWNrYWdlX2lkIjoiMTE2MiIsImVtYWlsIjoiaGVscEBjYW5jZXJpbWFnaW5nYXJjaGl2ZS5uZXQifQ==,"{""source_row_id"":""pathology-package-file:1bc8e6c28e6508dc4f5ae2d1"",""source_table"":""pathology_package_files""}","{""source_artifact"":""pathology_metadata"",""source_view"":""agent_pathology_file_objects""}",{},open,Aspera package,https://faspex.cancerimagingarchive.net/?context=eyJyZXNvdXJjZSI6InBhY2thZ2VzIiwidHlwZSI6ImV4dGVybmFsX2Rvd25sb2FkX3BhY2thZ2UiLCJpZCI6IjEzMDYiLCJwYXNzY29kZSI6IjRlNTc0MWUxNzI3OTA1OTUwMmM1ZWRjOTZmN2EyNTAwNmRjNDJhOGUiLCJwYWNrYWdlX2lkIjoiMTMwNiIsImVtYWlsIjoiaGVscEBjYW5jZXJpbWFnaW5nYXJjaGl2ZS5uZXQifQ==
asset_f24f61305d513641054af547,unavailable,MSB-07839-10-07.svs,MSB-07839-10-07.svs,CMB-AML/MSB-07839-10-07.svs,SVS,whole_slide_image,2D,static,pathology,SM,whole_slide_image,submitted_original,tcia_aspera,pathology-file-object:1f7310b87d4eb64209b39133,https://faspex.cancerimagingarchive.net/aspera/faspex?context=eyJyZXNvdXJjZSI6InBhY2thZ2VzIiwidHlwZSI6ImV4dGVybmFsX2Rvd25sb2FkX3BhY2thZ2UiLCJpZCI6IjExNjIiLCJwYXNzY29kZSI6ImUzODlhMzRhOTc0MTkzNTA5MDRmMzcxNjE0ZThmZDkyNzM2ZDZkNjUiLCJwYWNrYWdlX2lkIjoiMTE2MiIsImVtYWlsIjoiaGVscEBjYW5jZXJpbWFnaW5nYXJjaGl2ZS5uZXQifQ==,"{""source_row_id"":""pathology-package-file:fae78defa51eb61e04e82e63"",""source_table"":""pathology_package_files""}","{""source_artifact"":""pathology_metadata"",""source_view"":""agent_pathology_file_objects""}",{},open,Aspera package,https://faspex.cancerimagingarchive.net/?context=eyJyZXNvdXJjZSI6InBhY2thZ2VzIiwidHlwZSI6ImV4dGVybmFsX2Rvd25sb2FkX3BhY2thZ2UiLCJpZCI6IjEzMDYiLCJwYXNzY29kZSI6IjRlNTc0MWUxNzI3OTA1OTUwMmM1ZWRjOTZmN2EyNTAwNmRjNDJhOGUiLCJwYWNrYWdlX2lkIjoiMTMwNiIsImVtYWlsIjoiaGVscEBjYW5jZXJpbWFnaW5nYXJjaGl2ZS5uZXQifQ==
asset_4e7ac58b843bf0344e012cea,unavailable,MSB-07839-10-08.svs,MSB-07839-10-08.svs,CMB-AML/MSB-07839-10-08.svs,SVS,whole_slide_image,2D,static,pathology,SM,whole_slide_image,submitted_original,tcia_aspera,pathology-file-object:0837302bbf11f5836bbde7ef,https://faspex.cancerimagingarchive.net/aspera/faspex?context=eyJyZXNvdXJjZSI6InBhY2thZ2VzIiwidHlwZSI6ImV4dGVybmFsX2Rvd25sb2FkX3BhY2thZ2UiLCJpZCI6IjExNjIiLCJwYXNzY29kZSI6ImUzODlhMzRhOTc0MTkzNTA5MDRmMzcxNjE0ZThmZDkyNzM2ZDZkNjUiLCJwYWNrYWdlX2lkIjoiMTE2MiIsImVtYWlsIjoiaGVscEBjYW5jZXJpbWFnaW5nYXJjaGl2ZS5uZXQifQ==,"{""source_row_id"":""pathology-package-file:88fc587a587007b840ead75d"",""source_table"":""pathology_package_files""}","{""source_artifact"":""pathology_metadata"",""source_view"":""agent_pathology_file_objects""}",{},open,Aspera package,https://faspex.cancerimagingarchive.net/?context=eyJyZXNvdXJjZSI6InBhY2thZ2VzIiwidHlwZSI6ImV4dGVybmFsX2Rvd25sb2FkX3BhY2thZ2UiLCJpZCI6IjEzMDYiLCJwYXNzY29kZSI6IjRlNTc0MWUxNzI3OTA1OTUwMmM1ZWRjOTZmN2EyNTAwNmRjNDJhOGUiLCJwYWNrYWdlX2lkIjoiMTMwNiIsImVtYWlsIjoiaGVscEBjYW5jZXJpbWFnaW5nYXJjaGl2ZS5uZXQifQ==
asset_f303c3a88bd83d1fa6a3f440,unavailable,MSB-09343-02-02.svs,MSB-09343-02-02.svs,CMB-AML/MSB-09343-02-02.svs,SVS,whole_slide_image,2D,static,pathology,SM,whole_slide_image,submitted_original,tcia_aspera,pathology-file-object:258de65ccba7b4f8515b0f6a,https://faspex.cancerimagingarchive.net/aspera/faspex?context=eyJyZXNvdXJjZSI6InBhY2thZ2VzIiwidHlwZSI6ImV4dGVybmFsX2Rvd25sb2FkX3BhY2thZ2UiLCJpZCI6IjExNjIiLCJwYXNzY29kZSI6ImUzODlhMzRhOTc0MTkzNTA5MDRmMzcxNjE0ZThmZDkyNzM2ZDZkNjUiLCJwYWNrYWdlX2lkIjoiMTE2MiIsImVtYWlsIjoiaGVscEBjYW5jZXJpbWFnaW5nYXJjaGl2ZS5uZXQifQ==,"{""source_row_id"":""pathology-package-file:0e813c17bcdceebd493c9e90"",""source_table"":""pathology_package_files""}","{""source_artifact"":""pathology_metadata"",""source_view"":""agent_pathology_file_objects""}",{},open,Aspera package,https://faspex.cancerimagingarchive.net/?context=eyJyZXNvdXJjZSI6InBhY2thZ2VzIiwidHlwZSI6ImV4dGVybmFsX2Rvd25sb2FkX3BhY2thZ2UiLCJpZCI6IjEzMDYiLCJwYXNzY29kZSI6IjRlNTc0MWUxNzI3OTA1OTUwMmM1ZWRjOTZmN2EyNTAwNmRjNDJhOGUiLCJwYWNrYWdlX2lkIjoiMTMwNiIsImVtYWlsIjoiaGVscEBjYW5jZXJpbWFnaW5nYXJjaGl2ZS5uZXQifQ==
